INSERT INTO `permissions` (`Role`, `Table`, `Field`, `Read`) VALUES (1, 'student', 'UID', b'1');
INSERT INTO `permissions` (`Role`, `Table`, `Field`, `Read`) VALUES (1, 'student', 'Name', b'1');
INSERT INTO `permissions` (`Role`, `Table`, `Field`, `Read`) VALUES (1, 'student', 'Gender', b'1');
INSERT INTO `permissions` (`Role`, `Table`, `Field`, `Read`) VALUES (1, 'student', 'Picture', b'1');
INSERT INTO `permissions` (`Role`, `Table`, `Field`, `Read`) VALUES (1, 'student', 'Group', b'1');
INSERT INTO `permissions` (`Role`, `Table`, `Field`, `Read`) VALUES (1, 'student', 'ClassID', b'1');
INSERT INTO `permissions` (`Role`, `Table`, `Field`, `Read`) VALUES (1, 'student', 'School', b'1');
INSERT INTO `permissions` (`Role`, `Table`, `Field`, `Read`) VALUES (1, 'student', 'RID', b'1');
INSERT INTO `permissions` (`Role`, `Table`, `Field`, `Read`) VALUES (1, 'student', 'ContactID', b'1');

INSERT INTO `permissions` (`Role`, `Table`, `Field`, `Read`) VALUES (1, 'student', 'Birthdate', b'0');
INSERT INTO `permissions` (`Role`, `Table`, `Field`, `Read`) VALUES (1, 'student', 'GuardianName', b'0');
INSERT INTO `permissions` (`Role`, `Table`, `Field`, `Read`) VALUES (1, 'student', 'GuardianPhone', b'0');
INSERT INTO `permissions` (`Role`, `Table`, `Field`, `Read`) VALUES (1, 'student', 'Country', b'0');
INSERT INTO `permissions` (`Role`, `Table`, `Field`, `Read`) VALUES (1, 'student', 'City', b'0');

INSERT INTO `permissions` (`Role`, `Table`, `Field`, `Read`) VALUES (1, 'contacts', 'ID', b'1');
INSERT INTO `permissions` (`Role`, `Table`, `Field`, `Read`) VALUES (1, 'contacts', 'Discord', b'1');
INSERT INTO `permissions` (`Role`, `Table`, `Field`, `Read`) VALUES (1, 'contacts', 'Facebook', b'1');
INSERT INTO `permissions` (`Role`, `Table`, `Field`, `Read`) VALUES (1, 'contacts', 'Instagram', b'1');
INSERT INTO `permissions` (`Role`, `Table`, `Field`, `Read`) VALUES (1, 'contacts', 'Email', b'1');


INSERT INTO `permissions` (`Role`, `Table`, `Field`, `Read`) VALUES (1, 'teacher', 'UID', b'1');
INSERT INTO `permissions` (`Role`, `Table`, `Field`, `Read`) VALUES (1, 'teacher', 'Name', b'1');

INSERT INTO `permissions` (`Role`, `Table`, `Field`, `Read`) VALUES (1, 'mifare_tags', 'UID', b'0');
INSERT INTO `permissions` (`Role`, `Table`, `Field`, `Read`) VALUES (1, 'mifare_tags', 'Issued', b'0');
INSERT INTO `permissions` (`Role`, `Table`, `Field`, `Read`) VALUES (1, 'mifare_tags', 'Bytes', b'0');

INSERT INTO `permissions` (`Role`, `Table`, `Field`, `Read`) VALUES (1, 'dorm_room', 'RID', b'1');
INSERT INTO `permissions` (`Role`, `Table`, `Field`, `Read`) VALUES (1, 'dorm_room', 'Gender', b'1');
INSERT INTO `permissions` (`Role`, `Table`, `Field`, `Read`) VALUES (1, 'dorm_room', 'Group', b'1');

INSERT INTO `permissions` (`Role`, `Table`, `Field`, `Read`) VALUES (1, 'resident', 'UID', b'1');
INSERT INTO `permissions` (`Role`, `Table`, `Field`, `Read`) VALUES (1, 'resident', 'RID', b'0');
INSERT INTO `permissions` (`Role`, `Table`, `Field`, `Read`) VALUES (1, 'resident', 'BedNum', b'1');

INSERT INTO `permissions` (`Role`, `Table`, `Field`, `Read`) VALUES (1, 'mandatory_program_types', 'TypeID', b'1');
INSERT INTO `permissions` (`Role`, `Table`, `Field`, `Read`) VALUES (1, 'mandatory_program_types', 'Topic', b'1');
INSERT INTO `permissions` (`Role`, `Table`, `Field`, `Read`) VALUES (1, 'mandatory_program_types', 'RID', b'1');
INSERT INTO `permissions` (`Role`, `Table`, `Field`, `Read`) VALUES (1, 'mandatory_program_types', 'TUID', b'1');

INSERT INTO `permissions` (`Role`, `Table`, `Field`, `Read`) VALUES (1, 'mandatory_programs', 'ID', b'1');
INSERT INTO `permissions` (`Role`, `Table`, `Field`, `Read`) VALUES (1, 'mandatory_programs', 'TypeID', b'1');
INSERT INTO `permissions` (`Role`, `Table`, `Field`, `Read`) VALUES (1, 'mandatory_programs', 'Date', b'1');
INSERT INTO `permissions` (`Role`, `Table`, `Field`, `Read`) VALUES (1, 'mandatory_programs', 'ClassID', b'1');
INSERT INTO `permissions` (`Role`, `Table`, `Field`, `Read`) VALUES (1, 'mandatory_programs', 'Lesson', b'1');
INSERT INTO `permissions` (`Role`, `Table`, `Field`, `Read`) VALUES (1, 'mandatory_programs', 'Length', b'1');

INSERT INTO `permissions` (`Role`, `Table`, `Field`, `Read`) VALUES (1, 'class', 'ID', b'1');
INSERT INTO `permissions` (`Role`, `Table`, `Field`, `Read`) VALUES (1, 'class', 'Class', b'1');
INSERT INTO `permissions` (`Role`, `Table`, `Field`, `Read`) VALUES (1, 'class', 'HeadTUID', b'1');

INSERT INTO `permissions` (`Role`, `Table`, `Field`, `Read`) VALUES (2, 'student', 'UID', b'1');
INSERT INTO `permissions` (`Role`, `Table`, `Field`, `Read`) VALUES (2, 'student', 'Name', b'1');
INSERT INTO `permissions` (`Role`, `Table`, `Field`, `Read`) VALUES (2, 'student', 'Gender', b'1');
INSERT INTO `permissions` (`Role`, `Table`, `Field`, `Read`) VALUES (2, 'student', 'Picture', b'1');
INSERT INTO `permissions` (`Role`, `Table`, `Field`, `Read`) VALUES (2, 'student', 'Group', b'1');
INSERT INTO `permissions` (`Role`, `Table`, `Field`, `Read`) VALUES (2, 'student', 'ClassID', b'1');
INSERT INTO `permissions` (`Role`, `Table`, `Field`, `Read`) VALUES (2, 'student', 'School', b'1');
INSERT INTO `permissions` (`Role`, `Table`, `Field`, `Read`) VALUES (2, 'student', 'RID', b'1');
INSERT INTO `permissions` (`Role`, `Table`, `Field`, `Read`) VALUES (2, 'student', 'ContactID', b'1');


INSERT INTO `permissions` (`Role`, `Table`, `Field`, `Read`) VALUES (2, 'student', 'Birthdate', b'1');
INSERT INTO `permissions` (`Role`, `Table`, `Field`, `Read`) VALUES (2, 'student', 'GuardianName', b'1');
INSERT INTO `permissions` (`Role`, `Table`, `Field`, `Read`) VALUES (2, 'student', 'GuardianPhone', b'1');
INSERT INTO `permissions` (`Role`, `Table`, `Field`, `Read`) VALUES (2, 'student', 'Country', b'1');
INSERT INTO `permissions` (`Role`, `Table`, `Field`, `Read`) VALUES (2, 'student', 'City', b'1');

INSERT INTO `permissions` (`Role`, `Table`, `Field`, `Read`) VALUES (2, 'contacts', 'ID', b'1');
INSERT INTO `permissions` (`Role`, `Table`, `Field`, `Read`) VALUES (2, 'contacts', 'Discord', b'1');
INSERT INTO `permissions` (`Role`, `Table`, `Field`, `Read`) VALUES (2, 'contacts', 'Facebook', b'1');
INSERT INTO `permissions` (`Role`, `Table`, `Field`, `Read`) VALUES (2, 'contacts', 'Instagram', b'1');
INSERT INTO `permissions` (`Role`, `Table`, `Field`, `Read`) VALUES (2, 'contacts', 'Email', b'1');

INSERT INTO `permissions` (`Role`, `Table`, `Field`, `Read`) VALUES (2, 'teacher', 'UID', b'1');
INSERT INTO `permissions` (`Role`, `Table`, `Field`, `Read`) VALUES (2, 'teacher', 'Name', b'1');

INSERT INTO `permissions` (`Role`, `Table`, `Field`, `Read`) VALUES (2, 'mifare_tags', 'UID', b'1');
INSERT INTO `permissions` (`Role`, `Table`, `Field`, `Read`) VALUES (2, 'mifare_tags', 'Issued', b'1');
INSERT INTO `permissions` (`Role`, `Table`, `Field`, `Read`) VALUES (2, 'mifare_tags', 'Bytes', b'1');

INSERT INTO `permissions` (`Role`, `Table`, `Field`, `Read`) VALUES (2, 'dorm_room', 'RID', b'1');
INSERT INTO `permissions` (`Role`, `Table`, `Field`, `Read`) VALUES (2, 'dorm_room', 'Gender', b'1');
INSERT INTO `permissions` (`Role`, `Table`, `Field`, `Read`) VALUES (2, 'dorm_room', 'Group', b'1');

INSERT INTO `permissions` (`Role`, `Table`, `Field`, `Read`) VALUES (2, 'resident', 'UID', b'1');
INSERT INTO `permissions` (`Role`, `Table`, `Field`, `Read`) VALUES (2, 'resident', 'RID', b'0');
INSERT INTO `permissions` (`Role`, `Table`, `Field`, `Read`) VALUES (2, 'resident', 'BedNum', b'1');

INSERT INTO `permissions` (`Role`, `Table`, `Field`, `Read`) VALUES (2, 'class', 'ID', b'1');
INSERT INTO `permissions` (`Role`, `Table`, `Field`, `Read`) VALUES (2, 'class', 'Class', b'1');
INSERT INTO `permissions` (`Role`, `Table`, `Field`, `Read`) VALUES (2, 'class', 'HeadTUID', b'1');



INSERT INTO `route_access` VALUES (1, '/api/crossings/events', b'0', b'1');
INSERT INTO `route_access` VALUES (2, '/api/crossings/events', b'1', b'0');
INSERT INTO `route_access` VALUES (1, '/api/crossings/me', b'1', b'0');
INSERT INTO `route_access` VALUES (2, '/api/crossings/me', b'1', b'0');
INSERT INTO `route_access` VALUES (1, '/api/crossings/:id', b'0', b'1');
INSERT INTO `route_access` VALUES (2, '/api/crossings/:id', b'1', b'0');

INSERT INTO `route_access` VALUES (1, '/api/users', b'1', b'0');
INSERT INTO `route_access` VALUES (2, '/api/users', b'1', b'0');
INSERT INTO `route_access` VALUES (1, '/api/users/me', b'1', b'0');
INSERT INTO `route_access` VALUES (2, '/api/users/me', b'1', b'0');
INSERT INTO `route_access` VALUES (1, '/api/users/:id', b'1', b'0');
INSERT INTO `route_access` VALUES (2, '/api/users/:id', b'1', b'0');
-- INSERT INTO `route_access` VALUES (1, '/api/users/:id/dorm_room', b'1', b'0');
-- INSERT INTO `route_access` VALUES (2, '/api/users/:id/dorm_room', b'1', b'0');
INSERT INTO `route_access` VALUES (2, '/api/users/:id', b'1', b'0');
INSERT INTO `route_access` VALUES (1, '/api/users/mifare', b'0', b'0');
INSERT INTO `route_access` VALUES (2, '/api/users/mifare', b'1', b'0');

INSERT INTO `route_access` VALUES (1, '/api/rooms', b'1', b'0');
INSERT INTO `route_access` VALUES (2, '/api/rooms', b'1', b'0');
INSERT INTO `route_access` VALUES (1, '/api/rooms/me', b'1', b'0');
INSERT INTO `route_access` VALUES (2, '/api/rooms/me', b'0', b'1');
INSERT INTO `route_access` VALUES (1, '/api/rooms/:id', b'1', b'0');
INSERT INTO `route_access` VALUES (2, '/api/rooms/:id', b'1', b'0');

INSERT INTO `route_access` VALUES (1, '/api/timetable', b'1', b'0');
INSERT INTO `route_access` VALUES (2, '/api/timetable', b'0', b'1');
INSERT INTO `route_access` VALUES (1, '/api/timetable/mandatory', b'1', b'0');
INSERT INTO `route_access` VALUES (2, '/api/timetable/mandatory', b'0', b'1');
INSERT INTO `route_access` VALUES (1, '/api/timetable/mandatory/:id', b'1', b'0');
INSERT INTO `route_access` VALUES (2, '/api/timetable/mandatory/:id', b'0', b'1');
INSERT INTO `route_access` VALUES (1, '/api/timetable/mandatory/types', b'1', b'0');
INSERT INTO `route_access` VALUES (2, '/api/timetable/mandatory/types', b'1', b'0');
INSERT INTO `route_access` VALUES (1, '/api/timetable/mandatory/types/:id', b'1', b'0');
INSERT INTO `route_access` VALUES (2, '/api/timetable/mandatory/types/:id', b'1', b'0');



INSERT INTO user (`UID`, `Role`) VALUES
  (1, 1),
  (2, 1),
  (3, 1),
  (4, 1),
  (5, 1),
  (6, 1),
  (7, 1),
  (8, 1),
  (9, 1),
  (10, 2),
  (11, 1),
  (12, 1),
  (13, 1),
  (14, 1),
  (15, 1),
  (16, 1),
  (17, 1),
  (18, 1),
  (19, 1),
  (20, 2),
  (21, 1),
  (22, 1),
  (23, 1),
  (24, 1),
  (25, 1),
  (26, 1),
  (27, 1),
  (28, 1),
  (29, 1),
  (30, 2),
  (31, 1),
  (32, 1),
  (33, 1),
  (34, 1),
  (35, 1),
  (36, 1),
  (37, 1),
  (38, 1),
  (39, 1),
  (40, 2),
  (41, 1),
  (42, 1),
  (43, 1),
  (44, 1),
  (45, 1),
  (46, 1),
  (47, 1),
  (48, 1),
  (49, 1),
  (50, 2),
  (51, 1),
  (52, 1),
  (53, 1),
  (54, 1),
  (55, 1),
  (56, 1),
  (57, 1),
  (58, 1),
  (59, 1),
  (60, 2),
  (61, 1),
  (62, 1),
  (63, 1),
  (64, 1),
  (65, 1),
  (66, 1),
  (67, 1),
  (68, 1),
  (69, 1),
  (70, 2),
  (71, 1),
  (72, 1),
  (73, 1),
  (74, 1),
  (75, 1),
  (76, 1),
  (77, 1),
  (78, 1),
  (79, 1),
  (80, 2),
  (81, 1),
  (82, 1),
  (83, 1),
  (84, 1),
  (85, 1),
  (86, 1),
  (87, 1),
  (88, 1),
  (89, 1),
  (90, 2),
  (91, 1),
  (92, 1),
  (93, 1),
  (94, 1),
  (95, 1),
  (96, 1),
  (97, 1),
  (98, 1),
  (99, 1),
  (100, 2),
  (101, 1),
  (102, 1),
  (103, 1),
  (104, 1),
  (105, 1),
  (106, 1),
  (107, 1),
  (108, 1),
  (109, 1),
  (110, 2),
  (111, 1),
  (112, 1),
  (113, 1),
  (114, 1),
  (115, 1),
  (116, 1),
  (117, 1),
  (118, 1),
  (119, 1),
  (120, 2),
  (121, 1),
  (122, 1),
  (123, 1),
  (124, 1),
  (125, 1),
  (126, 1),
  (127, 1),
  (128, 1),
  (129, 1),
  (130, 2),
  (131, 1),
  (132, 1),
  (133, 1),
  (134, 1),
  (135, 1),
  (136, 1),
  (137, 1),
  (138, 1),
  (139, 1),
  (140, 2),
  (141, 1),
  (142, 1),
  (143, 1),
  (144, 1),
  (145, 1),
  (146, 1),
  (147, 1),
  (148, 1),
  (149, 1),
  (150, 2),
  (151, 1),
  (152, 1),
  (153, 1),
  (154, 1),
  (155, 1),
  (156, 1),
  (157, 1),
  (158, 1),
  (159, 1),
  (160, 2),
  (161, 1),
  (162, 1),
  (163, 1),
  (164, 1),
  (165, 1),
  (166, 1),
  (167, 1),
  (168, 1),
  (169, 1),
  (170, 2),
  (171, 1),
  (172, 1),
  (173, 1),
  (174, 1),
  (175, 1),
  (176, 1),
  (177, 1),
  (178, 1),
  (179, 1),
  (180, 2),
  (181, 1),
  (182, 1),
  (183, 1),
  (184, 1),
  (185, 1),
  (186, 1),
  (187, 1),
  (188, 1),
  (189, 1),
  (190, 2),
  (191, 1),
  (192, 1),
  (193, 1),
  (194, 1),
  (195, 1),
  (196, 1),
  (197, 1),
  (198, 1),
  (199, 1),
  (200, 2),
  (201, 1),
  (202, 1),
  (203, 1),
  (204, 1),
  (205, 1),
  (206, 1),
  (207, 1),
  (208, 1),
  (209, 1),
  (210, 2),
  (211, 1),
  (212, 1),
  (213, 1),
  (214, 1),
  (215, 1),
  (216, 1),
  (217, 1),
  (218, 1),
  (219, 1),
  (220, 2),
  (221, 1),
  (222, 1),
  (223, 1),
  (224, 1),
  (225, 1),
  (226, 1),
  (227, 1),
  (228, 1),
  (229, 1),
  (230, 2),
  (231, 1),
  (232, 1),
  (233, 1),
  (234, 1),
  (235, 1),
  (236, 1),
  (237, 1),
  (238, 1),
  (239, 1),
  (240, 2),
  (241, 1),
  (242, 1),
  (243, 1),
  (244, 1),
  (245, 1),
  (246, 1),
  (247, 1),
  (248, 1),
  (249, 1),
  (250, 2),
  (251, 1),
  (252, 1),
  (253, 1),
  (254, 1),
  (255, 1),
  (256, 1),
  (257, 1),
  (258, 1),
  (259, 1),
  (260, 2),
  (261, 1),
  (262, 1),
  (263, 1),
  (264, 1),
  (265, 1),
  (266, 1),
  (267, 1),
  (268, 1),
  (269, 1),
  (270, 2),
  (271, 1),
  (272, 1),
  (273, 1),
  (274, 1),
  (275, 1),
  (276, 1),
  (277, 1),
  (278, 1),
  (279, 1),
  (280, 2),
  (281, 1),
  (282, 1),
  (283, 1),
  (284, 1),
  (285, 1),
  (286, 1),
  (287, 1),
  (288, 1),
  (289, 1),
  (290, 2),
  (291, 1),
  (292, 1),
  (293, 1),
  (294, 1),
  (295, 1),
  (296, 1),
  (297, 1),
  (298, 1),
  (299, 1),
  (300, 2),
  (301, 1),
  (302, 1),
  (303, 1),
  (304, 1),
  (305, 1),
  (306, 1),
  (307, 1),
  (308, 1),
  (309, 1),
  (310, 2),
  (311, 1),
  (312, 1),
  (313, 1),
  (314, 1),
  (315, 1),
  (316, 1),
  (317, 1),
  (318, 1),
  (319, 1),
  (320, 2),
  (321, 1),
  (322, 1),
  (323, 1),
  (324, 1),
  (325, 1),
  (326, 1),
  (327, 1),
  (328, 1),
  (329, 1),
  (330, 2),
  (331, 1),
  (332, 1),
  (333, 1),
  (334, 1),
  (335, 1),
  (336, 1),
  (337, 1),
  (338, 1),
  (339, 1),
  (340, 2),
  (341, 1),
  (342, 1),
  (343, 1),
  (344, 1),
  (345, 1),
  (346, 1),
  (347, 1),
  (348, 1),
  (349, 1),
  (350, 2),
  (351, 1),
  (352, 1),
  (353, 1),
  (354, 1),
  (355, 1),
  (356, 1),
  (357, 1),
  (358, 1),
  (359, 1),
  (360, 2),
  (361, 1),
  (362, 1),
  (363, 1),
  (364, 1),
  (365, 1),
  (366, 1),
  (367, 1),
  (368, 1),
  (369, 1),
  (370, 2),
  (371, 1),
  (372, 1),
  (373, 1),
  (374, 1),
  (375, 1),
  (376, 1),
  (377, 1),
  (378, 1),
  (379, 1),
  (380, 2),
  (381, 1),
  (382, 1),
  (383, 1),
  (384, 1),
  (385, 1),
  (386, 1),
  (387, 1),
  (388, 1),
  (389, 1),
  (390, 2),
  (391, 1),
  (392, 1),
  (393, 1),
  (394, 1),
  (395, 1),
  (396, 1),
  (397, 1),
  (398, 1),
  (399, 1),
  (400, 2),
  (401, 1),
  (402, 1),
  (403, 1),
  (404, 1),
  (405, 1),
  (406, 1),
  (407, 1),
  (408, 1),
  (409, 1),
  (410, 2),
  (411, 1),
  (412, 1),
  (413, 1),
  (414, 1),
  (415, 1),
  (416, 1),
  (417, 1),
  (418, 1),
  (419, 1),
  (420, 2),
  (421, 1),
  (422, 1),
  (423, 1),
  (424, 1),
  (425, 1),
  (426, 1),
  (427, 1),
  (428, 1),
  (429, 1),
  (430, 2),
  (431, 1),
  (432, 1),
  (433, 1),
  (434, 1),
  (435, 1),
  (436, 1),
  (437, 1),
  (438, 1),
  (439, 1),
  (440, 2),
  (441, 1),
  (442, 1),
  (443, 1),
  (444, 1),
  (445, 1),
  (446, 1),
  (447, 1),
  (448, 1),
  (449, 1),
  (450, 2),
  (451, 1),
  (452, 1),
  (453, 1),
  (454, 1),
  (455, 1),
  (456, 1),
  (457, 1),
  (458, 1),
  (459, 1),
  (460, 2),
  (461, 1),
  (462, 1),
  (463, 1),
  (464, 1),
  (465, 1),
  (466, 1),
  (467, 1),
  (468, 1),
  (469, 1),
  (470, 2),
  (471, 1),
  (472, 1),
  (473, 1),
  (474, 1),
  (475, 1),
  (476, 1),
  (477, 1),
  (478, 1),
  (479, 1),
  (480, 2),
  (481, 1),
  (482, 1),
  (483, 1),
  (484, 1),
  (485, 1),
  (486, 1),
  (487, 1),
  (488, 1),
  (489, 1),
  (490, 2),
  (491, 1),
  (492, 1),
  (493, 1),
  (494, 1),
  (495, 1),
  (496, 1),
  (497, 1),
  (498, 1),
  (499, 1),
  (500, 2);

INSERT INTO `role_name` (`Role`, `Table`, `FullName`) VALUES
  (1, 'student', 'kollégiumi diák'),
	(2, 'teacher', 'nevelőtanár');

INSERT INTO `auth` (`UID`, `access_token`, `expires`, `expired`) VALUES
	(1, 'P8kj-8K7kJM-hT9RQDUH8L-v..01.yy2', 4294967295, b'0'),
	(3, '/HSM/Jgh74lf7ygp3_Id6C4~~xe5M53R', 4294967295, b'0'),
	(5, '/5.Q~RhtNkd.M/w4txuP35rmDKkddXu2', 4294967295, b'0'),
	(10, 'Anca577M3u.~un7z~j9pj3/67rsF/~/3', 4294967295, b'0');

INSERT INTO `login_data` (`UID`, `Username`, `Password`) VALUES
  (1, 'Jorgensen', '1_Jorgensen'),
  (2, 'Bernardez', '2_Bernardez'),
  (3, 'Fearne', '3_Fearne'),
  (4, 'Tzarkov', '4_Tzarkov'),
  (5, 'Lisimore', '5_Lisimore'),
  (6, 'Maffioletti', '6_Maffioletti'),
  (7, 'Steinor', '7_Steinor'),
  (8, 'Cargen', '8_Cargen'),
  (9, 'Blizard', '9_Blizard'),
  (10, 'Fawloe', '10_Fawloe'),
  (11, 'Yuryichev', '11_Yuryichev'),
  (12, 'Rabat', '12_Rabat'),
  (13, 'Snarie', '13_Snarie'),
  (14, 'Giottoi', '14_Giottoi'),
  (15, 'Iannuzzi', '15_Iannuzzi'),
  (16, 'Floweth', '16_Floweth'),
  (17, 'Coneybeare', '17_Coneybeare'),
  (18, 'Avramovitz', '18_Avramovitz'),
  (19, 'Fortie', '19_Fortie'),
  (20, 'Coldwell', '20_Coldwell'),
  (21, 'Joule', '21_Joule'),
  (22, 'Bambridge', '22_Bambridge'),
  (23, 'Dougher', '23_Dougher'),
  (24, 'Kilford', '24_Kilford'),
  (25, 'Server', '25_Server'),
  (26, 'Harker', '26_Harker'),
  (27, 'Brandes', '27_Brandes'),
  (28, 'Stenson', '28_Stenson'),
  (29, 'Stoll', '29_Stoll'),
  (30, 'Gudyer', '30_Gudyer'),
  (31, 'Proback', '31_Proback'),
  (32, 'Harley', '32_Harley'),
  (33, 'Tapping', '33_Tapping'),
  (34, 'Showl', '34_Showl'),
  (35, 'Chaplain', '35_Chaplain'),
  (36, 'Elgood', '36_Elgood'),
  (37, 'Strivens', '37_Strivens'),
  (38, 'Darnbrough', '38_Darnbrough'),
  (39, 'Sweynson', '39_Sweynson'),
  (40, 'Bossom', '40_Bossom'),
  (41, 'Sommerled', '41_Sommerled'),
  (42, 'Pahlsson', '42_Pahlsson'),
  (43, 'Syer', '43_Syer'),
  (44, 'Boatwright', '44_Boatwright'),
  (45, 'Sudworth', '45_Sudworth'),
  (46, 'Line', '46_Line'),
  (47, 'Gane', '47_Gane'),
  (48, 'Stripp', '48_Stripp'),
  (49, 'Willmott', '49_Willmott'),
  (50, 'Alpe', '50_Alpe'),
  (51, 'Scrimgeour', '51_Scrimgeour'),
  (52, 'Stiegars', '52_Stiegars'),
  (53, 'Scranney', '53_Scranney'),
  (54, 'Bosworth', '54_Bosworth'),
  (55, 'Queyeiro', '55_Queyeiro'),
  (56, 'Stigers', '56_Stigers'),
  (57, 'Lenin', '57_Lenin'),
  (58, 'Wathen', '58_Wathen'),
  (59, 'Bacon', '59_Bacon'),
  (60, 'Glendenning', '60_Glendenning'),
  (61, 'Algore', '61_Algore'),
  (62, 'Boath', '62_Boath'),
  (63, 'Goslin', '63_Goslin'),
  (64, 'Parsons', '64_Parsons'),
  (65, 'Lovewell', '65_Lovewell'),
  (66, 'McLinden', '66_McLinden'),
  (67, 'Buss', '67_Buss'),
  (68, 'McQuode', '68_McQuode'),
  (69, 'Heggs', '69_Heggs'),
  (70, 'Worthing', '70_Worthing'),
  (71, 'Brydie', '71_Brydie'),
  (72, 'McDermot', '72_McDermot'),
  (73, 'Rainger', '73_Rainger'),
  (74, 'Emons', '74_Emons'),
  (75, 'Keep', '75_Keep'),
  (76, 'Malchar', '76_Malchar'),
  (77, 'Dawidman', '77_Dawidman'),
  (78, 'Gilardoni', '78_Gilardoni'),
  (79, 'Swadden', '79_Swadden'),
  (80, 'Abrahmer', '80_Abrahmer'),
  (81, 'Caldeiro', '81_Caldeiro'),
  (82, 'Oakden', '82_Oakden'),
  (83, 'Lurner', '83_Lurner'),
  (84, 'Cattanach', '84_Cattanach'),
  (85, 'Balog', '85_Balog'),
  (86, 'Larne', '86_Larne'),
  (87, 'Seilmann', '87_Seilmann'),
  (88, 'Gleeton', '88_Gleeton'),
  (89, 'Yter', '89_Yter'),
  (90, 'Hildrew', '90_Hildrew'),
  (91, 'Cape', '91_Cape'),
  (92, 'Burston', '92_Burston'),
  (93, 'Antrobus', '93_Antrobus'),
  (94, 'Chimes', '94_Chimes'),
  (95, 'Sinderland', '95_Sinderland'),
  (96, 'Dougharty', '96_Dougharty'),
  (97, 'Fontes', '97_Fontes'),
  (98, 'Skitral', '98_Skitral'),
  (99, 'Gaunson', '99_Gaunson'),
  (100, 'Golland', '100_Golland'),
  (101, 'Hallas', '101_Hallas'),
  (102, 'Kent', '102_Kent'),
  (103, 'Bridel', '103_Bridel'),
  (104, 'Realy', '104_Realy'),
  (105, 'Keson', '105_Keson'),
  (106, 'Lanyon', '106_Lanyon'),
  (107, 'Kinkead', '107_Kinkead'),
  (108, 'Yerrell', '108_Yerrell'),
  (109, 'Smythin', '109_Smythin'),
  (110, 'Leinthall', '110_Leinthall'),
  (111, 'Mulholland', '111_Mulholland'),
  (112, 'Cordsen', '112_Cordsen'),
  (113, 'Cattel', '113_Cattel'),
  (114, 'Cansdill', '114_Cansdill'),
  (115, 'Goldin', '115_Goldin'),
  (116, 'Stapele', '116_Stapele'),
  (117, 'Rheubottom', '117_Rheubottom'),
  (118, 'Moorcroft', '118_Moorcroft'),
  (119, 'Beams', '119_Beams'),
  (120, 'Pickworth', '120_Pickworth'),
  (121, 'Norwell', '121_Norwell'),
  (122, 'Petrishchev', '122_Petrishchev'),
  (123, 'Lampert', '123_Lampert'),
  (124, 'Ewbanke', '124_Ewbanke'),
  (125, 'Moverley', '125_Moverley'),
  (126, 'Syson', '126_Syson'),
  (127, 'Holburn', '127_Holburn'),
  (128, 'Piccard', '128_Piccard'),
  (129, 'Tomasz', '129_Tomasz'),
  (130, 'Benardeau', '130_Benardeau'),
  (131, 'Steddall', '131_Steddall'),
  (132, 'Lambin', '132_Lambin'),
  (133, 'Espinos', '133_Espinos'),
  (134, 'Matiashvili', '134_Matiashvili'),
  (135, 'Abelwhite', '135_Abelwhite'),
  (136, 'Cosser', '136_Cosser'),
  (137, 'Affuso', '137_Affuso'),
  (138, 'Rabbitt', '138_Rabbitt'),
  (139, 'Mattiazzi', '139_Mattiazzi'),
  (140, 'Satterthwaite', '140_Satterthwaite'),
  (141, 'Mournian', '141_Mournian'),
  (142, 'Grinyakin', '142_Grinyakin'),
  (143, 'Wetter', '143_Wetter'),
  (144, 'Gemmell', '144_Gemmell'),
  (145, 'Baylay', '145_Baylay'),
  (146, 'Kettlesting', '146_Kettlesting'),
  (147, 'Bilbey', '147_Bilbey'),
  (148, 'Reedyhough', '148_Reedyhough'),
  (149, 'Matessian', '149_Matessian'),
  (150, 'Suddick', '150_Suddick'),
  (151, 'Howatt', '151_Howatt'),
  (152, 'Dollman', '152_Dollman'),
  (153, 'Sponer', '153_Sponer'),
  (154, 'Castille', '154_Castille'),
  (155, 'MacManus', '155_MacManus'),
  (156, 'Wooff', '156_Wooff'),
  (157, 'Pocock', '157_Pocock'),
  (158, 'Hancell', '158_Hancell'),
  (159, 'Riall', '159_Riall'),
  (160, 'Harp', '160_Harp'),
  (161, 'Queyos', '161_Queyos'),
  (162, 'Heckner', '162_Heckner'),
  (163, 'Ofen', '163_Ofen'),
  (164, 'Gauler', '164_Gauler'),
  (165, 'Hydes', '165_Hydes'),
  (166, 'Iacovaccio', '166_Iacovaccio'),
  (167, 'Lints', '167_Lints'),
  (168, 'Cleland', '168_Cleland'),
  (169, 'Marmyon', '169_Marmyon'),
  (170, 'Timny', '170_Timny'),
  (171, 'Jacke', '171_Jacke'),
  (172, 'Wardale', '172_Wardale'),
  (173, 'Baxstair', '173_Baxstair'),
  (174, 'Szantho', '174_Szantho'),
  (175, 'Raxworthy', '175_Raxworthy'),
  (176, 'Duke', '176_Duke'),
  (177, 'Kender', '177_Kender'),
  (178, 'Whitsey', '178_Whitsey'),
  (179, 'Upcraft', '179_Upcraft'),
  (180, 'Blundin', '180_Blundin'),
  (181, 'Lutty', '181_Lutty'),
  (182, 'Lawden', '182_Lawden'),
  (183, 'Northrop', '183_Northrop'),
  (184, 'Thorsen', '184_Thorsen'),
  (185, 'Boissieux', '185_Boissieux'),
  (186, 'Tremmil', '186_Tremmil'),
  (187, 'Pactat', '187_Pactat'),
  (188, 'Piotr', '188_Piotr'),
  (189, 'Ackenhead', '189_Ackenhead'),
  (190, 'Vlies', '190_Vlies'),
  (191, 'Figge', '191_Figge'),
  (192, 'Girton', '192_Girton'),
  (193, 'Bliss', '193_Bliss'),
  (194, 'Gricks', '194_Gricks'),
  (195, 'Ivanishev', '195_Ivanishev'),
  (196, 'Ritter', '196_Ritter'),
  (197, 'Mitkcov', '197_Mitkcov'),
  (198, 'Desporte', '198_Desporte'),
  (199, 'Strutley', '199_Strutley'),
  (200, 'Malchar', '200_Malchar'),
  (201, 'Chedgey', '201_Chedgey'),
  (202, 'Aspenlon', '202_Aspenlon'),
  (203, 'Gorch', '203_Gorch'),
  (204, 'Tewkesbury.', '204_Tewkesbury.'),
  (205, 'Perrin', '205_Perrin'),
  (206, 'Dignan', '206_Dignan'),
  (207, 'Quig', '207_Quig'),
  (208, 'Fancutt', '208_Fancutt'),
  (209, 'Rubel', '209_Rubel'),
  (210, 'Broadbridge', '210_Broadbridge'),
  (211, 'Brabbs', '211_Brabbs'),
  (212, 'Sackett', '212_Sackett'),
  (213, 'Braywood', '213_Braywood'),
  (214, 'Bracer', '214_Bracer'),
  (215, 'Edmonds', '215_Edmonds'),
  (216, 'Keeffe', '216_Keeffe'),
  (217, 'Sedgman', '217_Sedgman'),
  (218, 'Peddar', '218_Peddar'),
  (219, 'Vodden', '219_Vodden'),
  (220, 'Giacomazzo', '220_Giacomazzo'),
  (221, 'Tsar', '221_Tsar'),
  (222, 'Sandcroft', '222_Sandcroft'),
  (223, 'Burnet', '223_Burnet'),
  (224, 'Delacourt', '224_Delacourt'),
  (225, 'Evamy', '225_Evamy'),
  (226, 'Epgrave', '226_Epgrave'),
  (227, 'Canet', '227_Canet'),
  (228, 'Barmby', '228_Barmby'),
  (229, 'Hoff', '229_Hoff'),
  (230, 'Robb', '230_Robb'),
  (231, 'Wareing', '231_Wareing'),
  (232, 'Caldes', '232_Caldes'),
  (233, 'Tunbridge', '233_Tunbridge'),
  (234, 'Clamo', '234_Clamo'),
  (235, 'Hairyes', '235_Hairyes'),
  (236, 'Turmall', '236_Turmall'),
  (237, 'Hanmer', '237_Hanmer'),
  (238, 'Broschek', '238_Broschek'),
  (239, 'Brame', '239_Brame'),
  (240, 'Shilladay', '240_Shilladay'),
  (241, 'Iveagh', '241_Iveagh'),
  (242, 'Wermerling', '242_Wermerling'),
  (243, 'Baxandall', '243_Baxandall'),
  (244, 'Stapforth', '244_Stapforth'),
  (245, 'Gooley', '245_Gooley'),
  (246, 'Fancy', '246_Fancy'),
  (247, 'Hails', '247_Hails'),
  (248, 'Bursnell', '248_Bursnell'),
  (249, 'Gudgion', '249_Gudgion'),
  (250, 'Auston', '250_Auston'),
  (251, 'Rickwood', '251_Rickwood'),
  (252, 'Holde', '252_Holde'),
  (253, 'McPake', '253_McPake'),
  (254, 'Firidolfi', '254_Firidolfi'),
  (255, 'Saggers', '255_Saggers'),
  (256, 'Voff', '256_Voff'),
  (257, 'Luparto', '257_Luparto'),
  (258, 'Mardy', '258_Mardy'),
  (259, 'Riddles', '259_Riddles'),
  (260, 'Poynton', '260_Poynton'),
  (261, 'Croad', '261_Croad'),
  (262, 'Gallally', '262_Gallally'),
  (263, 'McGilleghole', '263_McGilleghole'),
  (264, 'Threlkeld', '264_Threlkeld'),
  (265, 'North', '265_North'),
  (266, 'Lowles', '266_Lowles'),
  (267, 'Jales', '267_Jales'),
  (268, 'Simoni', '268_Simoni'),
  (269, 'Keelin', '269_Keelin'),
  (270, 'Jaram', '270_Jaram'),
  (271, 'Egell', '271_Egell'),
  (272, 'Collingwood', '272_Collingwood'),
  (273, 'Halbert', '273_Halbert'),
  (274, 'OKeevan', '274_OKeevan'),
  (275, 'Swatridge', '275_Swatridge'),
  (276, 'Coopman', '276_Coopman'),
  (277, 'Roscow', '277_Roscow'),
  (278, 'Adamiak', '278_Adamiak'),
  (279, 'Cases', '279_Cases'),
  (280, 'Seiter', '280_Seiter'),
  (281, 'Shovel', '281_Shovel'),
  (282, 'Pantling', '282_Pantling'),
  (283, 'Dy', '283_Dy'),
  (284, 'Grizard', '284_Grizard'),
  (285, 'Bazeley', '285_Bazeley'),
  (286, 'Eveling', '286_Eveling'),
  (287, 'Roffe', '287_Roffe'),
  (288, 'Pickvance', '288_Pickvance'),
  (289, 'Dabbes', '289_Dabbes'),
  (290, 'Spritt', '290_Spritt'),
  (291, 'Grayley', '291_Grayley'),
  (292, 'Legen', '292_Legen'),
  (293, 'Cane', '293_Cane'),
  (294, 'Paddy', '294_Paddy'),
  (295, 'Zink', '295_Zink'),
  (296, 'Keelinge', '296_Keelinge'),
  (297, 'Linch', '297_Linch'),
  (298, 'Feldmesser', '298_Feldmesser'),
  (299, 'Hamments', '299_Hamments'),
  (300, 'Bendix', '300_Bendix'),
  (301, 'Sjollema', '301_Sjollema'),
  (302, 'Steane', '302_Steane'),
  (303, 'Sarra', '303_Sarra'),
  (304, 'Mugridge', '304_Mugridge'),
  (305, 'Alonso', '305_Alonso'),
  (306, 'Rosekilly', '306_Rosekilly'),
  (307, 'Maccree', '307_Maccree'),
  (308, 'Peachman', '308_Peachman'),
  (309, 'Doche', '309_Doche'),
  (310, 'McGonnell', '310_McGonnell'),
  (311, 'Trower', '311_Trower'),
  (312, 'Braley', '312_Braley'),
  (313, 'Osselton', '313_Osselton'),
  (314, 'Scarth', '314_Scarth'),
  (315, 'Catterill', '315_Catterill'),
  (316, 'Franssen', '316_Franssen'),
  (317, 'Shrimpling', '317_Shrimpling'),
  (318, 'Hellewell', '318_Hellewell'),
  (319, 'Endicott', '319_Endicott'),
  (320, 'Passmore', '320_Passmore'),
  (321, 'Mailes', '321_Mailes'),
  (322, 'Elverstone', '322_Elverstone'),
  (323, 'Edds', '323_Edds'),
  (324, 'Muckloe', '324_Muckloe'),
  (325, 'Wix', '325_Wix'),
  (326, 'Lappine', '326_Lappine'),
  (327, 'Turtle', '327_Turtle'),
  (328, 'Banham', '328_Banham'),
  (329, 'Dunkinson', '329_Dunkinson'),
  (330, 'Loeber', '330_Loeber'),
  (331, 'Powner', '331_Powner'),
  (332, 'Fennell', '332_Fennell'),
  (333, 'Janjusevic', '333_Janjusevic'),
  (334, 'Saladine', '334_Saladine'),
  (335, 'Anthoine', '335_Anthoine'),
  (336, 'Cromblehome', '336_Cromblehome'),
  (337, 'Pratte', '337_Pratte'),
  (338, 'Stepto', '338_Stepto'),
  (339, 'Pulsford', '339_Pulsford'),
  (340, 'Marrow', '340_Marrow'),
  (341, 'Frounks', '341_Frounks'),
  (342, 'Moon', '342_Moon'),
  (343, 'Kingaby', '343_Kingaby'),
  (344, 'Wilbor', '344_Wilbor'),
  (345, 'Pothergill', '345_Pothergill'),
  (346, 'Kayzer', '346_Kayzer'),
  (347, 'Swaisland', '347_Swaisland'),
  (348, 'Walford', '348_Walford'),
  (349, 'Badger', '349_Badger'),
  (350, 'Burridge', '350_Burridge'),
  (351, 'Slemmonds', '351_Slemmonds'),
  (352, 'Legan', '352_Legan'),
  (353, 'Mallalieu', '353_Mallalieu'),
  (354, 'Louder', '354_Louder'),
  (355, 'Goodrich', '355_Goodrich'),
  (356, 'McMichan', '356_McMichan'),
  (357, 'Graundisson', '357_Graundisson'),
  (358, 'Loomis', '358_Loomis'),
  (359, 'Gouley', '359_Gouley'),
  (360, 'Henrichsen', '360_Henrichsen'),
  (361, 'Fredi', '361_Fredi'),
  (362, 'Holstein', '362_Holstein'),
  (363, 'Cushion', '363_Cushion'),
  (364, 'Mougeot', '364_Mougeot'),
  (365, 'Aronoff', '365_Aronoff'),
  (366, 'Spurr', '366_Spurr'),
  (367, 'Ciani', '367_Ciani'),
  (368, 'Frift', '368_Frift'),
  (369, 'Dahlberg', '369_Dahlberg'),
  (370, 'Dillimore', '370_Dillimore'),
  (371, 'McElrea', '371_McElrea'),
  (372, 'Cogzell', '372_Cogzell'),
  (373, 'Coppens', '373_Coppens'),
  (374, 'LEpiscopi', '374_LEpiscopi'),
  (375, 'Gascone', '375_Gascone'),
  (376, 'Ammer', '376_Ammer'),
  (377, 'Maddra', '377_Maddra'),
  (378, 'Sinnett', '378_Sinnett'),
  (379, 'Grigolon', '379_Grigolon'),
  (380, 'Jagg', '380_Jagg'),
  (381, 'Jonsson', '381_Jonsson'),
  (382, 'Larn', '382_Larn'),
  (383, 'Eliyahu', '383_Eliyahu'),
  (384, 'Mcimmie', '384_Mcimmie'),
  (385, 'Crotty', '385_Crotty'),
  (386, 'Patnelli', '386_Patnelli'),
  (387, 'Cuphus', '387_Cuphus'),
  (388, 'Vinnicombe', '388_Vinnicombe'),
  (389, 'Durtnal', '389_Durtnal'),
  (390, 'Eede', '390_Eede'),
  (391, 'Janoschek', '391_Janoschek'),
  (392, 'Corkel', '392_Corkel'),
  (393, 'Stanislaw', '393_Stanislaw'),
  (394, 'Palethorpe', '394_Palethorpe'),
  (395, 'Wardhough', '395_Wardhough'),
  (396, 'Hadgkiss', '396_Hadgkiss'),
  (397, 'Joiris', '397_Joiris'),
  (398, 'Wastling', '398_Wastling'),
  (399, 'Gelardi', '399_Gelardi'),
  (400, 'Allan', '400_Allan'),
  (401, 'Hannent', '401_Hannent'),
  (402, 'Goodwell', '402_Goodwell'),
  (403, 'Roakes', '403_Roakes'),
  (404, 'Budge', '404_Budge'),
  (405, 'Ash', '405_Ash'),
  (406, 'Dudmesh', '406_Dudmesh'),
  (407, 'Lelliott', '407_Lelliott'),
  (408, 'Gange', '408_Gange'),
  (409, 'Orrock', '409_Orrock'),
  (410, 'Riddoch', '410_Riddoch'),
  (411, 'Burchard', '411_Burchard'),
  (412, 'Josuweit', '412_Josuweit'),
  (413, 'Dallaghan', '413_Dallaghan'),
  (414, 'Passie', '414_Passie'),
  (415, 'Piers', '415_Piers'),
  (416, 'Mee', '416_Mee'),
  (417, 'Gehringer', '417_Gehringer'),
  (418, 'Besse', '418_Besse'),
  (419, 'Lamanby', '419_Lamanby'),
  (420, 'Blaase', '420_Blaase'),
  (421, 'Lince', '421_Lince'),
  (422, 'Seddon', '422_Seddon'),
  (423, 'Sainer', '423_Sainer'),
  (424, 'Munroe', '424_Munroe'),
  (425, 'Grayshon', '425_Grayshon'),
  (426, 'Alessandone', '426_Alessandone'),
  (427, 'Huge', '427_Huge'),
  (428, 'Byart', '428_Byart'),
  (429, 'Aggis', '429_Aggis'),
  (430, 'Biddy', '430_Biddy'),
  (431, 'Coventon', '431_Coventon'),
  (432, 'Braley', '432_Braley'),
  (433, 'Lehrmann', '433_Lehrmann'),
  (434, 'Huddlestone', '434_Huddlestone'),
  (435, 'Walaron', '435_Walaron'),
  (436, 'Francello', '436_Francello'),
  (437, 'Bagge', '437_Bagge'),
  (438, 'Cassius', '438_Cassius'),
  (439, 'Eldered', '439_Eldered'),
  (440, 'Sabbin', '440_Sabbin'),
  (441, 'Wray', '441_Wray'),
  (442, 'Marushak', '442_Marushak'),
  (443, 'Kilday', '443_Kilday'),
  (444, 'Duxbarry', '444_Duxbarry'),
  (445, 'Macieiczyk', '445_Macieiczyk'),
  (446, 'Redd', '446_Redd'),
  (447, 'Tapp', '447_Tapp'),
  (448, 'Klausen', '448_Klausen'),
  (449, 'Sheers', '449_Sheers'),
  (450, 'Barbara', '450_Barbara'),
  (451, 'Pattison', '451_Pattison'),
  (452, 'Meenan', '452_Meenan'),
  (453, 'Zini', '453_Zini'),
  (454, 'Shulver', '454_Shulver'),
  (455, 'Clearie', '455_Clearie'),
  (456, 'Dewfall', '456_Dewfall'),
  (457, 'Jarry', '457_Jarry'),
  (458, 'Shedd', '458_Shedd'),
  (459, 'Creany', '459_Creany'),
  (460, 'Joslin', '460_Joslin'),
  (461, 'Hallibone', '461_Hallibone'),
  (462, 'Madigan', '462_Madigan'),
  (463, 'Winspeare', '463_Winspeare'),
  (464, 'Paulsson', '464_Paulsson'),
  (465, 'Waliszek', '465_Waliszek'),
  (466, 'Dive', '466_Dive'),
  (467, 'Schukert', '467_Schukert'),
  (468, 'Jamieson', '468_Jamieson'),
  (469, 'Danielski', '469_Danielski'),
  (470, 'Heigho', '470_Heigho'),
  (471, 'Itzkov', '471_Itzkov'),
  (472, 'Lean', '472_Lean'),
  (473, 'Blondin', '473_Blondin'),
  (474, 'Burbank', '474_Burbank'),
  (475, 'Waldocke', '475_Waldocke'),
  (476, 'Toal', '476_Toal'),
  (477, 'Perch', '477_Perch'),
  (478, 'Ackroyd', '478_Ackroyd'),
  (479, 'OQuin', '479_OQuin'),
  (480, 'Iacovides', '480_Iacovides'),
  (481, 'Tegler', '481_Tegler'),
  (482, 'Sellan', '482_Sellan'),
  (483, 'Bushell', '483_Bushell'),
  (484, 'Shard', '484_Shard'),
  (485, 'Mucillo', '485_Mucillo'),
  (486, 'Michelin', '486_Michelin'),
  (487, 'Ell', '487_Ell'),
  (488, 'Haddleton', '488_Haddleton'),
  (489, 'Massot', '489_Massot'),
  (490, 'Minkin', '490_Minkin'),
  (491, 'Caccavari', '491_Caccavari'),
  (492, 'Matas', '492_Matas'),
  (493, 'Glaze', '493_Glaze'),
  (494, 'Chastelain', '494_Chastelain'),
  (495, 'Stanfield', '495_Stanfield'),
  (496, 'Common', '496_Common'),
  (497, 'Coultish', '497_Coultish'),
  (498, 'Malatalant', '498_Malatalant'),
  (499, 'Bosomworth', '499_Bosomworth'),
  (500, 'Bullan', '500_Bullan');

INSERT INTO teacher (`UID`, `Name`, `OM`) VALUES
  (10, 'Glynda Fawloe', '71084383890'),
  (20, 'Maia Coldwell', '72694663824'),
  (30, 'Mord Gudyer', '74148152188'),
  (40, 'Alfy Bossom', '72249179975'),
  (50, 'Ailbert Alpe', '72709295568'),
  (60, 'Cherri Glendenning', '79144849129'),
  (70, 'Ozzy Worthing', '73856521645'),
  (80, 'Frasco Abrahmer', '79452806896'),
  (90, 'Bobbye Hildrew', '77263643916'),
  (100, 'Joshia Golland', '74143765645'),
  (110, 'Meris Leinthall', '78718330179'),
  (120, 'Brander Pickworth', '72864370601'),
  (130, 'Cassi Benardeau', '75986232210'),
  (140, 'Sheila-kathryn Satterthwaite', '75430813085'),
  (150, 'Tracie Suddick', '75701706328'),
  (160, 'Hilton Harp', '73454794253'),
  (170, 'Vernen Timny', '77416973579'),
  (180, 'Allyson Blundin', '78185049413'),
  (190, 'Bruce Vlies', '75522722274'),
  (200, 'Christean De Malchar', '77475424754'),
  (210, 'Novelia Broadbridge', '79453781578'),
  (220, 'Chad Giacomazzo', '73594500663'),
  (230, 'Aretha Robb', '79649752206'),
  (240, 'Moe Shilladay', '72098234256'),
  (250, 'Bradford Auston', '73205077649'),
  (260, 'Robinson Poynton', '71092749644'),
  (270, 'Web Jaram', '77216660109'),
  (280, 'Georgi Seiter', '74926905172'),
  (290, 'Robyn Spritt', '75026482823'),
  (300, 'Persis Bendix', '75937057514'),
  (310, 'Berrie McGonnell', '72196221515'),
  (320, 'Norma Passmore', '77395356302'),
  (330, 'Berenice Loeber', '72949572869'),
  (340, 'Ursula Marrow', '79012152463'),
  (350, 'Gilberta Burridge', '79669463137'),
  (360, 'Sela Henrichsen', '79592063744'),
  (370, 'Frederich Dillimore', '72716923173'),
  (380, 'Abram Jagg', '78112941005'),
  (390, 'Violante Eede', '76259490650'),
  (400, 'Christophe Allan', '78310507985'),
  (410, 'Dennet Riddoch', '76859394418'),
  (420, 'Elissa Blaase', '78594819520'),
  (430, 'Minnie Biddy', '75410119392'),
  (440, 'Warner Sabbin', '72860885514'),
  (450, 'Brittni Barbara', '73175817085'),
  (460, 'Trenton Joslin', '74808290999'),
  (470, 'Marigold Heigho', '72138131409'),
  (480, 'Tessa Iacovides', '78585254081'),
  (490, 'Jena Minkin', '73037920723'),
  (500, 'Yanaton Bullan', '77054280067');

INSERT INTO class (`ID`, `Class`, `HeadTUID`) VALUES
  (1, '9.A', 10),
  (2, '10.B', 20),
  (3, '11.C', 30),
  (4, '12.D', 40),
  (5, '13.A', 50),
  (6, '9.B', 60),
  (7, '10.C', 70),
  (8, '11.D', 80),
  (9, '12.A', 90),
  (10, '13.B', 100),
  (11, '9.C', 110),
  (12, '10.D', 120),
  (13, '11.A', 130),
  (14, '12.B', 140),
  (15, '13.C', 150),
  (16, '9.D', 160),
  (17, '10.A', 170),
  (18, '11.B', 180),
  (19, '12.C', 190),
  (20, '13.D', 200);

INSERT INTO dorm_room (`RID`, `Gender`, `Group`) VALUES
  (1, b'0', 'L1'),
  (2, b'0', 'L2'),
  (3, b'0', 'L3'),
  (4, b'0', 'L4'),
  (5, b'0', 'L5'),
  (6, b'0', 'L6'),
  (7, b'0', 'L7'),
  (8, b'0', 'L8'),
  (9, b'0', 'L9'),
  (10, b'0', 'L10'),
  (11, b'0', 'L11'),
  (12, b'0', 'L12'),
  (13, b'0', 'L13'),
  (14, b'0', 'L14'),
  (15, b'0', 'L15'),
  (16, b'0', 'L16'),
  (17, b'0', 'L17'),
  (18, b'0', 'L18'),
  (19, b'0', 'L19'),
  (20, b'0', 'L20'),
  (21, b'0', 'L21'),
  (22, b'0', 'L22'),
  (23, b'0', 'L23'),
  (24, b'0', 'L24'),
  (25, b'0', 'L25'),
  (26, b'0', 'L1'),
  (27, b'0', 'L2'),
  (28, b'0', 'L3'),
  (29, b'0', 'L4'),
  (30, b'0', 'L5'),
  (31, b'0', 'L6'),
  (32, b'0', 'L7'),
  (33, b'0', 'L8'),
  (34, b'0', 'L9'),
  (35, b'0', 'L10'),
  (36, b'0', 'L11'),
  (37, b'0', 'L12'),
  (38, b'0', 'L13'),
  (39, b'0', 'L14'),
  (40, b'0', 'L15'),
  (41, b'0', 'L16'),
  (42, b'0', 'L17'),
  (43, b'0', 'L18'),
  (44, b'0', 'L19'),
  (45, b'0', 'L20'),
  (46, b'0', 'L21'),
  (47, b'0', 'L22'),
  (48, b'0', 'L23'),
  (49, b'0', 'L24'),
  (50, b'0', 'L25'),
  (51, b'1', 'F1'),
  (52, b'1', 'F2'),
  (53, b'1', 'F3'),
  (54, b'1', 'F4'),
  (55, b'1', 'F5'),
  (56, b'1', 'F6'),
  (57, b'1', 'F7'),
  (58, b'1', 'F8'),
  (59, b'1', 'F9'),
  (60, b'1', 'F10'),
  (61, b'1', 'F11'),
  (62, b'1', 'F12'),
  (63, b'1', 'F13'),
  (64, b'1', 'F14'),
  (65, b'1', 'F15'),
  (66, b'1', 'F16'),
  (67, b'1', 'F17'),
  (68, b'1', 'F18'),
  (69, b'1', 'F19'),
  (70, b'1', 'F20'),
  (71, b'1', 'F21'),
  (72, b'1', 'F22'),
  (73, b'1', 'F23'),
  (74, b'1', 'F24'),
  (75, b'1', 'F25'),
  (76, b'1', 'F1'),
  (77, b'1', 'F2'),
  (78, b'1', 'F3'),
  (79, b'1', 'F4'),
  (80, b'1', 'F5'),
  (81, b'1', 'F6'),
  (82, b'1', 'F7'),
  (83, b'1', 'F8'),
  (84, b'1', 'F9'),
  (85, b'1', 'F10'),
  (86, b'1', 'F11'),
  (87, b'1', 'F12'),
  (88, b'1', 'F13'),
  (89, b'1', 'F14'),
  (90, b'1', 'F15'),
  (91, b'1', 'F16'),
  (92, b'1', 'F17'),
  (93, b'1', 'F18'),
  (94, b'1', 'F19'),
  (95, b'1', 'F20'),
  (96, b'1', 'F21'),
  (97, b'1', 'F22'),
  (98, b'1', 'F23'),
  (99, b'1', 'F24'),
  (100, b'1', 'F25');

INSERT INTO resident (`UID`, `RID`, `BedNum`) VALUES
  (1, 1, 1),
  (2, 2, 1),
  (3, 3, 1),
  (4, 4, 1),
  (5, 5, 1),
  (6, 6, 1),
  (7, 7, 1),
  (8, 8, 1),
  (9, 9, 1),
  (11, 10, 1),
  (12, 11, 1),
  (13, 12, 1),
  (14, 13, 1),
  (15, 14, 1),
  (16, 15, 1),
  (17, 16, 1),
  (18, 17, 1),
  (19, 18, 1),
  (21, 19, 1),
  (22, 20, 1),
  (23, 21, 1),
  (24, 22, 1),
  (25, 23, 1),
  (26, 24, 1),
  (27, 25, 1),
  (28, 26, 1),
  (29, 27, 1),
  (31, 28, 1),
  (32, 29, 1),
  (33, 30, 1),
  (34, 31, 1),
  (35, 32, 1),
  (36, 33, 1),
  (37, 34, 1),
  (38, 35, 1),
  (39, 36, 1),
  (41, 37, 1),
  (42, 38, 1),
  (43, 39, 1),
  (44, 40, 1),
  (45, 41, 1),
  (46, 42, 1),
  (47, 43, 1),
  (48, 44, 1),
  (49, 45, 1),
  (51, 46, 1),
  (52, 47, 1),
  (53, 48, 1),
  (54, 49, 1),
  (55, 50, 1),
  (56, 51, 1),
  (57, 52, 1),
  (58, 53, 1),
  (59, 54, 1),
  (61, 55, 1),
  (62, 56, 1),
  (63, 57, 1),
  (64, 58, 1),
  (65, 59, 1),
  (66, 60, 1),
  (67, 61, 1),
  (68, 62, 1),
  (69, 63, 1),
  (71, 64, 1),
  (72, 65, 1),
  (73, 66, 1),
  (74, 67, 1),
  (75, 68, 1),
  (76, 69, 1),
  (77, 70, 1),
  (78, 71, 1),
  (79, 72, 1),
  (81, 73, 1),
  (82, 74, 1),
  (83, 75, 1),
  (84, 76, 1),
  (85, 77, 1),
  (86, 78, 1),
  (87, 79, 1),
  (88, 80, 1),
  (89, 81, 1),
  (91, 82, 1),
  (92, 83, 1),
  (93, 84, 1),
  (94, 85, 1),
  (95, 86, 1),
  (96, 87, 1),
  (97, 88, 1),
  (98, 89, 1),
  (99, 90, 1),
  (101, 91, 1),
  (102, 92, 1),
  (103, 93, 1),
  (104, 94, 1),
  (105, 95, 1),
  (106, 96, 1),
  (107, 97, 1),
  (108, 98, 1),
  (109, 99, 1),
  (111, 100, 1),
  (112, 1, 2),
  (113, 2, 2),
  (114, 3, 2),
  (115, 4, 2),
  (116, 5, 2),
  (117, 6, 2),
  (118, 7, 2),
  (119, 8, 2),
  (121, 9, 2),
  (122, 10, 2),
  (123, 11, 2),
  (124, 12, 2),
  (125, 13, 2),
  (126, 14, 2),
  (127, 15, 2),
  (128, 16, 2),
  (129, 17, 2),
  (131, 18, 2),
  (132, 19, 2),
  (133, 20, 2),
  (134, 21, 2),
  (135, 22, 2),
  (136, 23, 2),
  (137, 24, 2),
  (138, 25, 2),
  (139, 26, 2),
  (141, 27, 2),
  (142, 28, 2),
  (143, 29, 2),
  (144, 30, 2),
  (145, 31, 2),
  (146, 32, 2),
  (147, 33, 2),
  (148, 34, 2),
  (149, 35, 2),
  (151, 36, 2),
  (152, 37, 2),
  (153, 38, 2),
  (154, 39, 2),
  (155, 40, 2),
  (156, 41, 2),
  (157, 42, 2),
  (158, 43, 2),
  (159, 44, 2),
  (161, 45, 2),
  (162, 46, 2),
  (163, 47, 2),
  (164, 48, 2),
  (165, 49, 2),
  (166, 50, 2),
  (167, 51, 2),
  (168, 52, 2),
  (169, 53, 2),
  (171, 54, 2),
  (172, 55, 2),
  (173, 56, 2),
  (174, 57, 2),
  (175, 58, 2),
  (176, 59, 2),
  (177, 60, 2),
  (178, 61, 2),
  (179, 62, 2),
  (181, 63, 2),
  (182, 64, 2),
  (183, 65, 2),
  (184, 66, 2),
  (185, 67, 2),
  (186, 68, 2),
  (187, 69, 2),
  (188, 70, 2),
  (189, 71, 2),
  (191, 72, 2),
  (192, 73, 2),
  (193, 74, 2),
  (194, 75, 2),
  (195, 76, 2),
  (196, 77, 2),
  (197, 78, 2),
  (198, 79, 2),
  (199, 80, 2),
  (201, 81, 2),
  (202, 82, 2),
  (203, 83, 2),
  (204, 84, 2),
  (205, 85, 2),
  (206, 86, 2),
  (207, 87, 2),
  (208, 88, 2),
  (209, 89, 2),
  (211, 90, 2),
  (212, 91, 2),
  (213, 92, 2),
  (214, 93, 2),
  (215, 94, 2),
  (216, 95, 2),
  (217, 96, 2),
  (218, 97, 2),
  (219, 98, 2),
  (221, 99, 2),
  (222, 100, 2),
  (223, 1, 3),
  (224, 2, 3),
  (225, 3, 3),
  (226, 4, 3),
  (227, 5, 3),
  (228, 6, 3),
  (229, 7, 3),
  (231, 8, 3),
  (232, 9, 3),
  (233, 10, 3),
  (234, 11, 3),
  (235, 12, 3),
  (236, 13, 3),
  (237, 14, 3),
  (238, 15, 3),
  (239, 16, 3),
  (241, 17, 3),
  (242, 18, 3),
  (243, 19, 3),
  (244, 20, 3),
  (245, 21, 3),
  (246, 22, 3),
  (247, 23, 3),
  (248, 24, 3),
  (249, 25, 3),
  (251, 26, 3),
  (252, 27, 3),
  (253, 28, 3),
  (254, 29, 3),
  (255, 30, 3),
  (256, 31, 3),
  (257, 32, 3),
  (258, 33, 3),
  (259, 34, 3),
  (261, 35, 3),
  (262, 36, 3),
  (263, 37, 3),
  (264, 38, 3),
  (265, 39, 3),
  (266, 40, 3),
  (267, 41, 3),
  (268, 42, 3),
  (269, 43, 3),
  (271, 44, 3),
  (272, 45, 3),
  (273, 46, 3),
  (274, 47, 3),
  (275, 48, 3),
  (276, 49, 3),
  (277, 50, 3),
  (278, 51, 3),
  (279, 52, 3),
  (281, 53, 3),
  (282, 54, 3),
  (283, 55, 3),
  (284, 56, 3),
  (285, 57, 3),
  (286, 58, 3),
  (287, 59, 3),
  (288, 60, 3),
  (289, 61, 3),
  (291, 62, 3),
  (292, 63, 3),
  (293, 64, 3),
  (294, 65, 3),
  (295, 66, 3),
  (296, 67, 3),
  (297, 68, 3),
  (298, 69, 3),
  (299, 70, 3),
  (301, 71, 3),
  (302, 72, 3),
  (303, 73, 3),
  (304, 74, 3),
  (305, 75, 3),
  (306, 76, 3),
  (307, 77, 3),
  (308, 78, 3),
  (309, 79, 3),
  (311, 80, 3),
  (312, 81, 3),
  (313, 82, 3),
  (314, 83, 3),
  (315, 84, 3),
  (316, 85, 3),
  (317, 86, 3),
  (318, 87, 3),
  (319, 88, 3),
  (321, 89, 3),
  (322, 90, 3),
  (323, 91, 3),
  (324, 92, 3),
  (325, 93, 3),
  (326, 94, 3),
  (327, 95, 3),
  (328, 96, 3),
  (329, 97, 3),
  (331, 98, 3),
  (332, 99, 3),
  (333, 100, 3),
  (334, 1, 4),
  (335, 2, 4),
  (336, 3, 4),
  (337, 4, 4),
  (338, 5, 4),
  (339, 6, 4),
  (341, 7, 4),
  (342, 8, 4),
  (343, 9, 4),
  (344, 10, 4),
  (345, 11, 4),
  (346, 12, 4),
  (347, 13, 4),
  (348, 14, 4),
  (349, 15, 4),
  (351, 16, 4),
  (352, 17, 4),
  (353, 18, 4),
  (354, 19, 4),
  (355, 20, 4),
  (356, 21, 4),
  (357, 22, 4),
  (358, 23, 4),
  (359, 24, 4),
  (361, 25, 4),
  (362, 26, 4),
  (363, 27, 4),
  (364, 28, 4),
  (365, 29, 4),
  (366, 30, 4),
  (367, 31, 4),
  (368, 32, 4),
  (369, 33, 4),
  (371, 34, 4),
  (372, 35, 4),
  (373, 36, 4),
  (374, 37, 4),
  (375, 38, 4),
  (376, 39, 4),
  (377, 40, 4),
  (378, 41, 4),
  (379, 42, 4),
  (381, 43, 4),
  (382, 44, 4),
  (383, 45, 4),
  (384, 46, 4),
  (385, 47, 4),
  (386, 48, 4),
  (387, 49, 4),
  (388, 50, 4),
  (389, 51, 4),
  (391, 52, 4),
  (392, 53, 4),
  (393, 54, 4),
  (394, 55, 4),
  (395, 56, 4),
  (396, 57, 4),
  (397, 58, 4),
  (398, 59, 4),
  (399, 60, 4),
  (401, 61, 4),
  (402, 62, 4),
  (403, 63, 4),
  (404, 64, 4),
  (405, 65, 4),
  (406, 66, 4),
  (407, 67, 4),
  (408, 68, 4),
  (409, 69, 4),
  (411, 70, 4),
  (412, 71, 4),
  (413, 72, 4),
  (414, 73, 4),
  (415, 74, 4),
  (416, 75, 4),
  (417, 76, 4),
  (418, 77, 4),
  (419, 78, 4),
  (421, 79, 4),
  (422, 80, 4),
  (423, 81, 4),
  (424, 82, 4),
  (425, 83, 4),
  (426, 84, 4),
  (427, 85, 4),
  (428, 86, 4),
  (429, 87, 4),
  (431, 88, 4),
  (432, 89, 4),
  (433, 90, 4),
  (434, 91, 4),
  (435, 92, 4),
  (436, 93, 4),
  (437, 94, 4),
  (438, 95, 4),
  (439, 96, 4),
  (441, 97, 4),
  (442, 98, 4),
  (443, 99, 4),
  (444, 100, 4),
  (445, 1, 5),
  (446, 2, 5),
  (447, 3, 5),
  (448, 4, 5),
  (449, 5, 5),
  (451, 6, 5),
  (452, 7, 5),
  (453, 8, 5),
  (454, 9, 5),
  (455, 10, 5),
  (456, 11, 5),
  (457, 12, 5),
  (458, 13, 5),
  (459, 14, 5),
  (461, 15, 5),
  (462, 16, 5),
  (463, 17, 5),
  (464, 18, 5),
  (465, 19, 5),
  (466, 20, 5),
  (467, 21, 5),
  (468, 22, 5),
  (469, 23, 5),
  (471, 24, 5),
  (472, 25, 5),
  (473, 26, 5),
  (474, 27, 5),
  (475, 28, 5),
  (476, 29, 5),
  (477, 30, 5),
  (478, 31, 5),
  (479, 32, 5),
  (481, 33, 5),
  (482, 34, 5),
  (483, 35, 5),
  (484, 36, 5),
  (485, 37, 5),
  (486, 38, 5),
  (487, 39, 5),
  (488, 40, 5),
  (489, 41, 5),
  (491, 42, 5),
  (492, 43, 5),
  (493, 44, 5),
  (494, 45, 5),
  (495, 46, 5),
  (496, 47, 5),
  (497, 48, 5),
  (498, 49, 5),
  (499, 50, 5);

INSERT INTO `contacts` (`ID`, `Discord`, `Facebook`, `Instagram`, `Email`) VALUES
  (1, 'cryam0', 'Chaddy Ryam', '@cryam0', 'cryam0@vkontakte.ru'),
  (3, 'mlarn1', 'Meagan Larn', '@mlarn1', 'mlarn1@t-online.de'),
  (5, 'rsonley2', 'Radcliffe Sonley', '@rsonley2', 'rsonley2@ihg.com'),
  (7, 'cgosnay3', 'Cynthea Gosnay', '@cgosnay3', 'cgosnay3@squarespace.com'),
  (9, 'galbin4', 'Garrik Albin', '@galbin4', 'galbin4@weebly.com'),
  (11, 'abilovus5', 'Arel Bilovus', '@abilovus5', 'abilovus5@state.tx.us'),
  (13, 'tbenardet6', 'Travis Benardet', '@tbenardet6', 'tbenardet6@foxnews.com'),
  (15, 'wmattityahou7', 'Willdon Mattityahou', '@wmattityahou7', 'wmattityahou7@nyu.edu'),
  (17, 'lgalliard8', 'Larina Galliard', '@lgalliard8', 'lgalliard8@delicious.com'),
  (19, 'awisdish9', 'Adair Wisdish', '@awisdish9', 'awisdish9@altervista.org'),
  (21, 'eleiversa', 'Ezra Leivers', '@eleiversa', 'eleiversa@ovh.net'),
  (23, 'acapeyb', 'Augusto Capey', '@acapeyb', 'acapeyb@blinklist.com'),
  (25, 'kbendc', 'Kris Bend', '@kbendc', 'kbendc@mozilla.org'),
  (27, 'clevenskyd', 'Celestyna Levensky', '@clevenskyd', 'clevenskyd@webs.com'),
  (29, 'vmccumskaye', 'Viviyan McCumskay', '@vmccumskaye', 'vmccumskaye@merriam-webster.com'),
  (31, 'eogdahlf', 'Errick Ogdahl', '@eogdahlf', 'eogdahlf@wordpress.com'),
  (33, 'eherrerosg', 'Ephrayim Herreros', '@eherrerosg', 'eherrerosg@army.mil'),
  (35, 'lfossh', 'Lorita Foss', '@lfossh', 'lfossh@vimeo.com'),
  (37, 'ltattersdilli', 'Leontine Tattersdill', '@ltattersdilli', 'ltattersdilli@hatena.ne.jp'),
  (39, 'rsimmonettj#1034', 'Rinaldo Simmonett', '@rsimmonettj', 'rsimmonettj@go.com'),
  (41, 'ldovidaitisk', 'Larissa Dovidaitis', '@ldovidaitisk', 'ldovidaitisk@cdbaby.com'),
  (43, 'esivewrightl', 'Eartha Sivewright', '@esivewrightl', 'esivewrightl@soup.io'),
  (45, 'tpurchonm', 'Tim Purchon', '@tpurchonm', 'tpurchonm@microsoft.com'),
  (47, 'gsharphurstn', 'Gib Sharphurst', '@gsharphurstn', 'gsharphurstn@slate.com'),
  (49, 'mdaudo', 'Misha Daud', '@mdaudo', 'mdaudo@sciencedaily.com'),
  (51, 'hmorterp', 'Haslett Morter', '@hmorterp', 'hmorterp@upenn.edu'),
  (53, 'scohenq', 'Spenser Cohen', '@scohenq', 'scohenq@mac.com'),
  (55, 'cstideverr', 'Claudelle Stidever', '@cstideverr', 'cstideverr@mtv.com'),
  (57, 'grobics', 'Gayelord Robic', '@grobics', 'grobics@wikispaces.com'),
  (59, 'clebbont', 'Colly Lebbon', '@clebbont', 'clebbont@goodreads.com'),
  (61, 'dgadsonu', 'Dorri Gadson', '@dgadsonu', 'dgadsonu@people.com.cn'),
  (63, 'wmerklev', 'Wildon Merkle', '@wmerklev', 'wmerklev@sun.com'),
  (65, 'tjeffw', 'Teddi Jeff', '@tjeffw', 'tjeffw@bloglines.com'),
  (67, 'mmorforthx', 'Mauricio Morforth', '@mmorforthx', 'mmorforthx@google.nl'),
  (69, 'lmacnamaray', 'Lula MacNamara', '@lmacnamaray', 'lmacnamaray@weather.com'),
  (71, 'ltoffettoz', 'Lavinia Toffetto', '@ltoffettoz', 'ltoffettoz@bandcamp.com'),
  (73, 'ctrotman10', 'Clarice Trotman', '@ctrotman10', 'ctrotman10@microsoft.com'),
  (75, 'nkobierzycki11', 'Nobe Kobierzycki', '@nkobierzycki11', 'nkobierzycki11@godaddy.com'),
  (77, 'tworsell12', 'Tim Worsell', '@tworsell12', 'tworsell12@google.co.jp'),
  (79, 'cglassborow13', 'Chickie Glassborow', '@cglassborow13', 'cglassborow13@china.com.cn'),
  (81, 'imcparland14', 'Ignace McParland', '@imcparland14', 'imcparland14@mysql.com'),
  (83, 'mkobsch15', 'Moritz Kobsch', '@mkobsch15', 'mkobsch15@hostgator.com'),
  (85, 'dworsell16', 'Desdemona Worsell', '@dworsell16', 'dworsell16@sakura.ne.jp'),
  (87, 'vpeetermann17', 'Vite Peetermann', '@vpeetermann17', 'vpeetermann17@fda.gov'),
  (89, 'lbaseke18', 'Luella Baseke', '@lbaseke18', 'lbaseke18@nature.com'),
  (91, 'dacors19#8388', 'Dana Acors', '@dacors19', 'dacors19@adobe.com'),
  (93, 'dcurtain1a#0547', 'Diannne Curtain', '@dcurtain1a', 'dcurtain1a@deviantart.com'),
  (95, 'aricket1b', 'Aleen Ricket', '@aricket1b', 'aricket1b@tmall.com'),
  (97, 'asaldler1c', 'Alexis Saldler', '@asaldler1c', 'asaldler1c@devhub.com'),
  (99, 'joran1d', 'Johnath Oran', '@joran1d', 'joran1d@dyndns.org'),
  (101, 'jgrigolashvill1e', 'Janenna Grigolashvill', '@jgrigolashvill1e', 'jgrigolashvill1e@acquirethisname.com'),
  (103, 'ssandry1f', 'Stavros Sandry', '@ssandry1f', 'ssandry1f@bbc.co.uk'),
  (105, 'fbackwell1g', 'Fawne Backwell', '@fbackwell1g', 'fbackwell1g@lulu.com'),
  (107, 'bmeffin1h#4055', 'Britni Meffin', '@bmeffin1h', 'bmeffin1h@theatlantic.com'),
  (109, 'ddumper1i', 'Daria Dumper', '@ddumper1i', 'ddumper1i@bigcartel.com'),
  (111, 'ivaughanhughes1j', 'Ivan Vaughan-Hughes', '@ivaughanhughes1j', 'ivaughanhughes1j@about.me'),
  (113, 'graulston1k', 'Gerta Raulston', '@graulston1k', 'graulston1k@jimdo.com'),
  (115, 'trantoul1l#5718', 'Tome Rantoul', '@trantoul1l', 'trantoul1l@ning.com'),
  (117, 'blembke1m', 'Burg Lembke', '@blembke1m', 'blembke1m@nhs.uk'),
  (119, 'ahagstone1n', 'Avery Hagstone', '@ahagstone1n', 'ahagstone1n@paypal.com'),
  (121, 'bshivlin1o', 'Boyd Shivlin', '@bshivlin1o', 'bshivlin1o@yellowbook.com'),
  (123, 'tgroves1p', 'Tabby Groves', '@tgroves1p', 'tgroves1p@bbb.org'),
  (125, 'atoderbrugge1q', 'Arabel Toderbrugge', '@atoderbrugge1q', 'atoderbrugge1q@so-net.ne.jp'),
  (127, 'rrumbelow1r', 'Raviv Rumbelow', '@rrumbelow1r', 'rrumbelow1r@imgur.com'),
  (129, 'lcridlan1s', 'Lilllie Cridlan', '@lcridlan1s', 'lcridlan1s@epa.gov'),
  (131, 'agascar1t', 'Abigale Gascar', '@agascar1t', 'agascar1t@amazon.co.uk'),
  (133, 'wmathey1u', 'Wheeler Mathey', '@wmathey1u', 'wmathey1u@plala.or.jp'),
  (135, 'apawellek1v', 'Angus Pawellek', '@apawellek1v', 'apawellek1v@wufoo.com'),
  (137, 'cbehr1w', 'Celisse Behr', '@cbehr1w', 'cbehr1w@bluehost.com'),
  (139, 'bgilburt1x', 'Barbara Gilburt', '@bgilburt1x', 'bgilburt1x@cbsnews.com'),
  (141, 'csoltan1y', 'Crissie Soltan', '@csoltan1y', 'csoltan1y@blogger.com'),
  (143, 'mwoodrooffe1z', 'Magnum Woodrooffe', '@mwoodrooffe1z', 'mwoodrooffe1z@oaic.gov.au'),
  (145, 'dzamora20', 'Dorie Zamora', '@dzamora20', 'dzamora20@princeton.edu'),
  (147, 'hsiemianowicz21', 'Herbie Siemianowicz', '@hsiemianowicz21', 'hsiemianowicz21@opera.com'),
  (149, 'klutzmann22', 'Kinna Lutzmann', '@klutzmann22', 'klutzmann22@cmu.edu'),
  (151, 'cglison23#5128', 'Cece Glison', '@cglison23', 'cglison23@biblegateway.com'),
  (153, 'dborrott24', 'Dominica Borrott', '@dborrott24', 'dborrott24@xing.com'),
  (155, 'edredge25', 'Emlyn Dredge', '@edredge25', 'edredge25@ezinearticles.com'),
  (157, 'rpocock26', 'Roseann Pocock', '@rpocock26', 'rpocock26@t.co'),
  (159, 'bhollindale27', 'Blair Hollindale', '@bhollindale27', 'bhollindale27@live.com'),
  (161, 'forry28', 'Fredrick Orry', '@forry28', 'forry28@fda.gov'),
  (163, 'ucozzi29', 'Uriel Cozzi', '@ucozzi29', 'ucozzi29@rambler.ru'),
  (165, 'aattenbrough2a', 'Antonino Attenbrough', '@aattenbrough2a', 'aattenbrough2a@weebly.com'),
  (167, 'nemmott2b', 'Nicol Emmott', '@nemmott2b', 'nemmott2b@archive.org'),
  (169, 'vmougin2c', 'Verney Mougin', '@vmougin2c', 'vmougin2c@bizjournals.com'),
  (171, 'pcrosston2d', 'Percy Crosston', '@pcrosston2d', 'pcrosston2d@yahoo.co.jp'),
  (173, 'fkettow2e', 'Fionna Kettow', '@fkettow2e', 'fkettow2e@intel.com'),
  (175, 'llonie2f', 'Lisabeth Lonie', '@llonie2f', 'llonie2f@wordpress.com'),
  (177, 'fdwyr2g', 'Fallon Dwyr', '@fdwyr2g', 'fdwyr2g@cbslocal.com'),
  (179, 'ewalesa2h', 'Emma Walesa', '@ewalesa2h', 'ewalesa2h@skype.com'),
  (181, 'ljeannard2i', 'Lisabeth Jeannard', '@ljeannard2i', 'ljeannard2i@vk.com'),
  (183, 'kleather2j', 'Kelci Leather', '@kleather2j', 'kleather2j@fema.gov'),
  (185, 'omckane2k', 'Orsola McKane', '@omckane2k', 'omckane2k@narod.ru'),
  (187, 'esamter2l', 'Edd Samter', '@esamter2l', 'esamter2l@statcounter.com'),
  (189, 'bdonald2m', 'Brynne Donald', '@bdonald2m', 'bdonald2m@csmonitor.com'),
  (191, 'jkemell2n', 'Jonathan Kemell', '@jkemell2n', 'jkemell2n@merriam-webster.com'),
  (193, 'gwalley2o', 'Gunter Walley', '@gwalley2o', 'gwalley2o@gmpg.org'),
  (195, 'jcorson2p', 'Jefferey Corson', '@jcorson2p', 'jcorson2p@histats.com'),
  (197, 'dcarstairs2q', 'Dicky Carstairs', '@dcarstairs2q', 'dcarstairs2q@mit.edu'),
  (199, 'rwilder2r', 'Rowan Wilder', '@rwilder2r', 'rwilder2r@miitbeian.gov.cn'),
  (201, 'ghallwell2s', 'Georgianne Hallwell', '@ghallwell2s', 'ghallwell2s@apple.com'),
  (203, 'kellerton2t', 'Kenon Ellerton', '@kellerton2t', 'kellerton2t@1und1.de'),
  (205, 'lgidney2u', 'Lammond Gidney', '@lgidney2u', 'lgidney2u@house.gov'),
  (207, 'wmatskevich2v', 'Worthington Matskevich', '@wmatskevich2v', 'wmatskevich2v@yandex.ru'),
  (209, 'wbrecknell2w', 'Wallas Brecknell', '@wbrecknell2w', 'wbrecknell2w@newsvine.com'),
  (211, 'kdregan2x', 'Krystle Dregan', '@kdregan2x', 'kdregan2x@businessweek.com'),
  (213, 'fwoodus2y', 'Fabe Woodus', '@fwoodus2y', 'fwoodus2y@google.es'),
  (215, 'hsamett2z', 'Heindrick Samett', '@hsamett2z', 'hsamett2z@yale.edu'),
  (217, 'jalessandrelli30#1418', 'Jorge Alessandrelli', '@jalessandrelli30', 'jalessandrelli30@scientificamerican.com'),
  (219, 'horrick31', 'Hillie Orrick', '@horrick31', 'horrick31@blogtalkradio.com'),
  (221, 'jleffek32#1004', 'Joseito Leffek', '@jleffek32', 'jleffek32@miibeian.gov.cn'),
  (223, 'mburkett33', 'Mirna Burkett', '@mburkett33', 'mburkett33@hubpages.com'),
  (225, 'nrenny34#7066', 'Netti Renny', '@nrenny34', 'nrenny34@yolasite.com'),
  (227, 'nmontes35', 'Nani Montes', '@nmontes35', 'nmontes35@businessweek.com'),
  (229, 'hedards36', 'Hillery Edards', '@hedards36', 'hedards36@auda.org.au'),
  (231, 'dthurston37', 'Delly Thurston', '@dthurston37', 'dthurston37@comsenz.com'),
  (233, 'slitton38', 'Seline Litton', '@slitton38', 'slitton38@go.com'),
  (235, 'cloads39', 'Caddric Loads', '@cloads39', 'cloads39@constantcontact.com'),
  (237, 'nplaice3a', 'Nicki Plaice', '@nplaice3a', 'nplaice3a@java.com'),
  (239, 'slow3b', 'Sigismondo Low', '@slow3b', 'slow3b@amazon.com'),
  (241, 'eswett3c', 'Emalee Swett', '@eswett3c', 'eswett3c@sun.com'),
  (243, 'wmcclure3d', 'Winfred McClure', '@wmcclure3d', 'wmcclure3d@so-net.ne.jp'),
  (245, 'bhorribine3e', 'Bartolomeo Horribine', '@bhorribine3e', 'bhorribine3e@independent.co.uk'),
  (247, 'gde3f', 'Gerri de Chastelain', '@gde3f', 'gde3f@phpbb.com'),
  (249, 'sdibdall3g', 'Sapphira Dibdall', '@sdibdall3g', 'sdibdall3g@ow.ly'),
  (251, 'dtapner3h', 'Domeniga Tapner', '@dtapner3h', 'dtapner3h@hc360.com'),
  (253, 'hharriskine3i', 'Hobard Harriskine', '@hharriskine3i', 'hharriskine3i@qq.com'),
  (255, 'dwyborn3j', 'Delores Wyborn', '@dwyborn3j', 'dwyborn3j@ucoz.com'),
  (257, 'vashtonhurst3k', 'Vasili Ashtonhurst', '@vashtonhurst3k', 'vashtonhurst3k@list-manage.com'),
  (259, 'jo3l', 'Jobie O'' Bee', '@jo3l', 'jo3l@vkontakte.ru'),
  (261, 'bhenner3m', 'Byrle Henner', '@bhenner3m', 'bhenner3m@google.com.br'),
  (263, 'sbasile3n', 'Stu Basile', '@sbasile3n', 'sbasile3n@nymag.com'),
  (265, 'mbagshaw3o', 'Madlen Bagshaw', '@mbagshaw3o', 'mbagshaw3o@arstechnica.com'),
  (267, 'acaygill3p#3034', 'Alfie Caygill', '@acaygill3p', 'acaygill3p@msu.edu'),
  (269, 'amacpike3q', 'Alyda MacPike', '@amacpike3q', 'amacpike3q@gmpg.org'),
  (271, 'kchasney3r', 'Karola Chasney', '@kchasney3r', 'kchasney3r@amazonaws.com'),
  (273, 'gdavydochkin3s', 'Guthrie Davydochkin', '@gdavydochkin3s', 'gdavydochkin3s@bizjournals.com'),
  (275, 'ldalgleish3t', 'Laney Dalgleish', '@ldalgleish3t', 'ldalgleish3t@hugedomains.com'),
  (277, 'elembke3u', 'Esma Lembke', '@elembke3u', 'elembke3u@gizmodo.com'),
  (279, 'ymucci3v#5494', 'Yorke Mucci', '@ymucci3v', 'ymucci3v@soundcloud.com'),
  (281, 'mlivingston3w', 'Merralee Livingston', '@mlivingston3w', 'mlivingston3w@unblog.fr'),
  (283, 'cbeltzner3x', 'Crin Beltzner', '@cbeltzner3x', 'cbeltzner3x@vk.com'),
  (285, 'abuzek3y', 'Averil Buzek', '@abuzek3y', 'abuzek3y@reddit.com'),
  (287, 'craise3z', 'Cahra Raise', '@craise3z', 'craise3z@dailymotion.com'),
  (289, 'esyde40', 'Eugen Syde', '@esyde40', 'esyde40@mayoclinic.com'),
  (291, 'ksplain41', 'Karl Splain', '@ksplain41', 'ksplain41@list-manage.com'),
  (293, 'jreeson42', 'Justinian Reeson', '@jreeson42', 'jreeson42@zimbio.com'),
  (295, 'kfarington43#4497', 'Koo Farington', '@kfarington43', 'kfarington43@phpbb.com'),
  (297, 'tgatcliff44', 'Tatum Gatcliff', '@tgatcliff44', 'tgatcliff44@soup.io'),
  (299, 'levert45', 'Loralee Evert', '@levert45', 'levert45@icq.com'),
  (301, 'esimonini46', 'Emery Simonini', '@esimonini46', 'esimonini46@unicef.org'),
  (303, 'kdalgarno47', 'Kathrine Dalgarno', '@kdalgarno47', 'kdalgarno47@baidu.com'),
  (305, 'mhawarden48', 'Mab Hawarden', '@mhawarden48', 'mhawarden48@lulu.com'),
  (307, 'cthorsby49', 'Carlota Thorsby', '@cthorsby49', 'cthorsby49@google.co.uk'),
  (309, 'hganter4a', 'Hi Ganter', '@hganter4a', 'hganter4a@ted.com'),
  (311, 'kmyers4b', 'Karol Myers', '@kmyers4b', 'kmyers4b@ihg.com'),
  (313, 'rleng4c#5045', 'Ruben Leng', '@rleng4c', 'rleng4c@diigo.com'),
  (315, 'ltuberfield4d', 'Lacy Tuberfield', '@ltuberfield4d', 'ltuberfield4d@sfgate.com'),
  (317, 'mlevick4e', 'Melvyn Levick', '@mlevick4e', 'mlevick4e@1688.com'),
  (319, 'rodonovan4f', 'Roselin O''Donovan', '@rodonovan4f', 'rodonovan4f@vk.com'),
  (321, 'jwhellans4g#8288', 'Janenna Whellans', '@jwhellans4g', 'jwhellans4g@w3.org'),
  (323, 'aatkirk4h', 'Ainsley Atkirk', '@aatkirk4h', 'aatkirk4h@angelfire.com'),
  (325, 'slinning4i', 'Sheeree Linning', '@slinning4i', 'slinning4i@auda.org.au'),
  (327, 'mgeldard4j', 'Mae Geldard', '@mgeldard4j', 'mgeldard4j@cdbaby.com'),
  (329, 'jhaynesford4k', 'Julius Haynesford', '@jhaynesford4k', 'jhaynesford4k@ehow.com'),
  (331, 'htimewell4l', 'Hasty Timewell', '@htimewell4l', 'htimewell4l@goodreads.com'),
  (333, 'bschukraft4m', 'Benedict Schukraft', '@bschukraft4m', 'bschukraft4m@ning.com'),
  (335, 'cdericot4n#4508', 'Carr Dericot', '@cdericot4n', 'cdericot4n@seesaa.net'),
  (337, 'kdelooze4o', 'Kaila Delooze', '@kdelooze4o', 'kdelooze4o@amazon.com'),
  (339, 'pklebes4p', 'Penelopa Klebes', '@pklebes4p', 'pklebes4p@xinhuanet.com'),
  (341, 'lhowse4q#2135', 'Lionello Howse', '@lhowse4q', 'lhowse4q@naver.com'),
  (343, 'gmacveigh4r', 'Gordy Macveigh', '@gmacveigh4r', 'gmacveigh4r@xing.com'),
  (345, 'colongain4s', 'Calley O''Longain', '@colongain4s', 'colongain4s@ucoz.ru'),
  (347, 'cstrete4t', 'Cornela Strete', '@cstrete4t', 'cstrete4t@studiopress.com'),
  (349, 'usenyard4u', 'Udall Senyard', '@usenyard4u', 'usenyard4u@51.la'),
  (351, 'wchong4v', 'Willette Chong', '@wchong4v', 'wchong4v@newsvine.com'),
  (353, 'lcondliffe4w', 'Lynnelle Condliffe', '@lcondliffe4w', 'lcondliffe4w@de.vu'),
  (355, 'cfarfoot4x', 'Clayson Farfoot', '@cfarfoot4x', 'cfarfoot4x@ox.ac.uk'),
  (357, 'akuhndel4y', 'Aluin Kuhndel', '@akuhndel4y', 'akuhndel4y@google.co.jp'),
  (359, 'bcleaver4z#7730', 'Brennen Cleaver', '@bcleaver4z', 'bcleaver4z@cafepress.com'),
  (361, 'dmewes50', 'Denny Mewes', '@dmewes50', 'dmewes50@about.com'),
  (363, 'spugsley51', 'Samuele Pugsley', '@spugsley51', 'spugsley51@oaic.gov.au'),
  (365, 'mkarpe52', 'Margery Karpe', '@mkarpe52', 'mkarpe52@photobucket.com'),
  (367, 'charkness53', 'Courtnay Harkness', '@charkness53', 'charkness53@usgs.gov'),
  (369, 'sdrynan54', 'Sayre Drynan', '@sdrynan54', 'sdrynan54@google.nl'),
  (371, 'scucuzza55', 'Sheelah Cucuzza', '@scucuzza55', 'scucuzza55@lycos.com'),
  (373, 'zfoyston56', 'Zenia Foyston', '@zfoyston56', 'zfoyston56@hibu.com'),
  (375, 'gcleef57', 'Gina Cleef', '@gcleef57', 'gcleef57@earthlink.net'),
  (377, 'rthecham58', 'Rickey Thecham', '@rthecham58', 'rthecham58@nyu.edu'),
  (379, 'mkluge59', 'Marnia Kluge', '@mkluge59', 'mkluge59@omniture.com'),
  (381, 'lmingey5a', 'Lucina Mingey', '@lmingey5a', 'lmingey5a@archive.org'),
  (383, 'cpietzker5b', 'Chalmers Pietzker', '@cpietzker5b', 'cpietzker5b@tiny.cc'),
  (385, 'swenden5c', 'Sheridan Wenden', '@swenden5c', 'swenden5c@smugmug.com'),
  (387, 'skernley5d', 'Sashenka Kernley', '@skernley5d', 'skernley5d@google.com.br'),
  (389, 'kioannou5e', 'Kevyn Ioannou', '@kioannou5e', 'kioannou5e@cmu.edu'),
  (391, 'pmarryatt5f', 'Petunia Marryatt', '@pmarryatt5f', 'pmarryatt5f@i2i.jp'),
  (393, 'wbrownsill5g', 'Winifield Brownsill', '@wbrownsill5g', 'wbrownsill5g@over-blog.com'),
  (395, 'tdickens5h#5659', 'Tonia Dickens', '@tdickens5h', 'tdickens5h@harvard.edu'),
  (397, 'rbehrend5i', 'Rolfe Behrend', '@rbehrend5i', 'rbehrend5i@mediafire.com'),
  (399, 'kmatuszkiewicz5j', 'Kathye Matuszkiewicz', '@kmatuszkiewicz5j', 'kmatuszkiewicz5j@ycombinator.com'),
  (401, 'ngelsthorpe5k', 'Noemi Gelsthorpe', '@ngelsthorpe5k', 'ngelsthorpe5k@java.com'),
  (403, 'jrumsby5l#9439', 'Jerrilyn Rumsby', '@jrumsby5l', 'jrumsby5l@tinypic.com'),
  (405, 'tblaisdell5m', 'Teodoor Blaisdell', '@tblaisdell5m', 'tblaisdell5m@blinklist.com'),
  (407, 'mclayton5n', 'Minny Clayton', '@mclayton5n', 'mclayton5n@merriam-webster.com'),
  (409, 'ppenwarden5o', 'Penelope Penwarden', '@ppenwarden5o', 'ppenwarden5o@home.pl'),
  (411, 'bletty5p', 'Baryram Letty', '@bletty5p', 'bletty5p@163.com'),
  (413, 'xmainland5q', 'Xavier Mainland', '@xmainland5q', 'xmainland5q@census.gov'),
  (415, 'dblinde5r', 'Dunn Blinde', '@dblinde5r', 'dblinde5r@google.ru'),
  (417, 'sinchcomb5s', 'Stillman Inchcomb', '@sinchcomb5s', 'sinchcomb5s@pagesperso-orange.fr'),
  (419, 'mbyford5t', 'Malorie Byford', '@mbyford5t', 'mbyford5t@theglobeandmail.com'),
  (421, 'ltumbelty5u', 'Lanita Tumbelty', '@ltumbelty5u', 'ltumbelty5u@ifeng.com'),
  (423, 'mcollum5v', 'Myrlene Collum', '@mcollum5v', 'mcollum5v@msn.com'),
  (425, 'gcahn5w#5798', 'Garth Cahn', '@gcahn5w', 'gcahn5w@sakura.ne.jp'),
  (427, 'blepick5x', 'Barney Lepick', '@blepick5x', 'blepick5x@slashdot.org'),
  (429, 'nyekel5y', 'Norina Yekel', '@nyekel5y', 'nyekel5y@sohu.com'),
  (431, 'rmeaders5z', 'Rosella Meaders', '@rmeaders5z', 'rmeaders5z@gravatar.com'),
  (433, 'clockery60', 'Cleveland Lockery', '@clockery60', 'clockery60@usa.gov'),
  (435, 'sricks61', 'Shannon Ricks', '@sricks61', 'sricks61@oracle.com'),
  (437, 'ebenaine62', 'Elmo Benaine', '@ebenaine62', 'ebenaine62@loc.gov'),
  (439, 'gtremblot63', 'Griselda Tremblot', '@gtremblot63', 'gtremblot63@google.es'),
  (441, 'dtondeur64', 'Domenic Tondeur', '@dtondeur64', 'dtondeur64@printfriendly.com'),
  (443, 'aparchment65', 'Antoinette Parchment', '@aparchment65', 'aparchment65@loc.gov'),
  (445, 'seaster66', 'Stormie Easter', '@seaster66', 'seaster66@shutterfly.com'),
  (447, 'isuff67', 'Immanuel Suff', '@isuff67', 'isuff67@nationalgeographic.com'),
  (449, 'bgilkison68', 'Bartholomew Gilkison', '@bgilkison68', 'bgilkison68@edublogs.org'),
  (451, 'bceschini69', 'Berri Ceschini', '@bceschini69', 'bceschini69@cdc.gov'),
  (453, 'pcharke6a', 'Padget Charke', '@pcharke6a', 'pcharke6a@e-recht24.de'),
  (455, 'baslen6b', 'Babara Aslen', '@baslen6b', 'baslen6b@typepad.com'),
  (457, 'npenelli6c', 'Nickolai Penelli', '@npenelli6c', 'npenelli6c@toplist.cz'),
  (459, 'bfinding6d', 'Britni Finding', '@bfinding6d', 'bfinding6d@nps.gov'),
  (461, 'abruty6e#3843', 'Ardelle Bruty', '@abruty6e', 'abruty6e@cloudflare.com'),
  (463, 'femeney6f', 'Finn Emeney', '@femeney6f', 'femeney6f@oaic.gov.au'),
  (465, 'aohingerty6g', 'Aldrich O''Hingerty', '@aohingerty6g', 'aohingerty6g@sciencedirect.com'),
  (467, 'agini6h', 'Arlen Gini', '@agini6h', 'agini6h@wordpress.org'),
  (469, 'bcostelloe6i', 'Bidget Costelloe', '@bcostelloe6i', 'bcostelloe6i@yahoo.com'),
  (471, 'rcammis6j', 'Rudolf Cammis', '@rcammis6j', 'rcammis6j@ocn.ne.jp'),
  (473, 'nkuzemka6k', 'Nicolais Kuzemka', '@nkuzemka6k', 'nkuzemka6k@examiner.com'),
  (475, 'rferris6l', 'Roana Ferris', '@rferris6l', 'rferris6l@usda.gov'),
  (477, 'ckinny6m', 'Celine Kinny', '@ckinny6m', 'ckinny6m@t.co'),
  (479, 'kbernardin6n', 'Kata Bernardin', '@kbernardin6n', 'kbernardin6n@example.com'),
  (481, 'tbernardin6o', 'Talyah Bernardin', '@tbernardin6o', 'tbernardin6o@huffingtonpost.com'),
  (483, 'dmcilherran6p', 'Datha McIlherran', '@dmcilherran6p', 'dmcilherran6p@businessweek.com'),
  (485, 'dcockson6q', 'Dannie Cockson', '@dcockson6q', 'dcockson6q@twitter.com'),
  (487, 'ashannahan6r', 'Abbey Shannahan', '@ashannahan6r', 'ashannahan6r@naver.com'),
  (489, 'ftwist6s', 'Francis Twist', '@ftwist6s', 'ftwist6s@springer.com'),
  (491, 'gkeyden6t', 'Gladi Keyden', '@gkeyden6t', 'gkeyden6t@usa.gov'),
  (493, 'aatkin6u', 'Allister Atkin', '@aatkin6u', 'aatkin6u@bravesites.com'),
  (495, 'ewerrett6v#8493', 'Eziechiele Werrett', '@ewerrett6v', 'ewerrett6v@aboutads.info'),
  (497, 'lkinch6w#4575', 'Linzy Kinch', '@lkinch6w', 'lkinch6w@yolasite.com'),
  (499, 'kmitrovic6x', 'Kyla Mitrovic', '@kmitrovic6x', 'kmitrovic6x@elegantthemes.com');

INSERT INTO student (`UID`, `OM`, `Name`, `RID`, `Gender`, `Group`, `ClassID`, `School`, `Birthplace`, `Birthdate`, `GuardianName`, `GuardianPhone`, `Country`, `City`, `Street`, `PostCode`, `Address`, `ContactID`) VALUES
  (1, '76301043891', 'Farly Jorgensen', 1, b'0', 'L1', 1, 'Mountainview High School', 'Goodlands', '2000-04-30', 'Wade Ogborn', '631 707 5821', 'Mauritius', 'Pende', 'Acker', 0, 462, 1),
  (2, '75483935873', 'Kellia Bernardez', 2, b'0', 'L2', 2, 'Valley View Middle School', 'Jianshan', '1999-07-09', 'Nicoline Stiger', '570 401 3752', 'China', 'Kirovgrad', 'Continental', 0, 46536, NULL),
  (3, '78698680121', 'Ebmie Fearne', 3, b'0', 'L3', 3, 'Parkview Elementary School', 'Madang', '2002-07-02', 'Ebonee Becken', '824 656 2626', 'Papua New Guinea', 'Xinpu', 'Melody', 0, 84, 3),
  (4, '79161186564', 'Ariadne Tzarkov', 4, b'0', 'L4', 4, 'Riverdale Elementary School', 'Ovsyanka', '2005-06-09', 'Charlotta Columbell', '758 745 3612', 'Russia', 'Salwá', 'Kensington', 663083, 241, NULL),
  (5, '71208752213', 'Tanitansy Lisimore', 5, b'0', 'L5', 5, 'Greenfield Middle School', 'Beauharnois', '2005-03-13', 'Ariana Frangione', '281 458 0652', 'Canada', 'Gunungjulang', 'Moose', 0, 516, 5),
  (6, '70549442896', 'Temp Maffioletti', 6, b'0', 'L6', 6, 'Mountain View High School', 'Goodlands', '1999-10-30', 'Maisey Mullins', '247 467 9119', 'Mauritius', 'Dashi', 'Ridge Oak', 0, 28450, NULL),
  (7, '76503875676', 'Giffard Steinor', 7, b'0', 'L7', 7, 'Sunset Elementary School', 'Mafang', '2001-03-15', 'Lorette Marking', '678 384 4504', 'China', 'Fucheng', 'Brentwood', 0, 38677, 7),
  (8, '79509074453', 'Burg Cargen', 8, b'0', 'L8', 8, 'Laurelwood Elementary School', 'Nakhon Pathom', '2001-02-27', 'Ashley Kedward', '639 107 8309', 'Thailand', 'Vale de Açores', 'Bluestem', 95140, 2024, NULL),
  (9, '73514972858', 'Nappy Blizard', 9, b'0', 'L9', 9, 'Elmwood Middle School', 'Aranđelovac', '2005-07-09', 'Lana Hagergham', '994 893 5374', 'Serbia', 'Erling', 'Reinke', 0, 8151, 9),
  (11, '72612669144', 'Ransell Yuryichev', 10, b'0', 'L10', 10, 'Cedar Hill Elementary School', 'Puyang', '2003-07-07', 'Sisely Dahle', '959 295 9121', 'China', 'Tangerang', 'Magdeline', 0, 1306, NULL),
  (12, '77453832341', 'Adair Rabat', 11, b'0', 'L11', 11, 'Hillcrest Middle School', 'Rothesay Bay', '2002-07-22', 'Valerye Brewitt', '882 669 2277', 'New Zealand', 'Ārt Khwājah', 'Forest Dale', 794, 2, 11),
  (13, '78233901433', 'Farlay Snarie', 12, b'0', 'L12', 12, 'Pinecrest Elementary School', 'Lakatnik', '2000-11-08', 'Abigael Roelvink', '850 948 1523', 'Bulgaria', 'Fenglin', 'Prairieview', 2281, 6464, NULL),
  (14, '79653734144', 'Shelagh Giottoi', 13, b'0', 'L13', 13, 'Meadowbrook Elementary School', 'Banyo', '2006-09-14', 'Talbert Monaghan', '453 158 2529', 'Cameroon', 'Ngulakan', 'Algoma', 0, 39320, 13),
  (15, '74551199186', 'Eduardo Iannuzzi', 14, b'0', 'L14', 14, 'Willowdale High School', 'Piaocao', '2003-03-29', 'Binky Benettelli', '786 442 1452', 'China', 'Novokuybyshevsk', 'Prairie Rose', 0, 4835, NULL),
  (16, '72875098687', 'Arte Floweth', 15, b'0', 'L15', 15, 'Sunnyside Middle School', 'Rizári', '2005-09-10', 'Syd Burroughes', '279 103 6274', 'Greece', 'Jinshan', 'Dorton', 0, 71, 15),
  (17, '79371295406', 'Ceil Coneybeare', 16, b'0', 'L16', 16, 'Parkview Elementary School', 'Donja Dubica', '2001-11-30', 'Sergei Halpine', '847 298 3790', 'Bosnia and Herzegovina', 'Arjawinangun', 'Elmside', 0, 48126, NULL),
  (18, '79299598474', 'Cristal Avramovitz', 17, b'0', 'L17', 17, 'Lakeside High School', 'Yishi', '1999-07-04', 'Fern Cathie', '349 167 6269', 'China', 'P’rimorsk’oe', 'Towne', 0, 6, 17),
  (19, '70881304734', 'Tiffi Fortie', 18, b'0', 'L18', 18, 'Lakeside High School', 'Jankovec', '2004-05-19', 'Ursa Petrik', '773 439 8014', 'Macedonia', 'Sinop', 'Express', 7320, 37640, NULL),
  (21, '77678016395', 'Korrie Joule', 19, b'0', 'L19', 19, 'Sunset Elementary School', 'Ingarö', '1999-06-02', 'Quintana Aslin', '951 666 3893', 'Sweden', 'Soe', 'Memorial', 134, 38960, 19),
  (22, '79424311783', 'Dale Bambridge', 20, b'0', 'L20', 20, 'Hillcrest Middle School', 'Sifala', '2005-10-30', 'Sigismundo Scholtz', '746 889 3712', 'Indonesia', 'Jinping', '8th', 0, 21431, NULL),
  (23, '78351402522', 'Mollie Dougher', 21, b'0', 'L21', 1, 'Oakridge Middle School', 'Ängelholm', '2002-12-18', 'Karee Ainscough', '604 856 2405', 'Sweden', 'Muli', 'Monument', 262, 1207, 21),
  (24, '78735509219', 'Kimberlyn Kilford', 22, b'0', 'L22', 2, 'Meadowbrook Elementary School', 'Charqueadas', '2007-04-21', 'Sebastien Sambrook', '904 794 5947', 'Brazil', 'Wingham', 'Holy Cross', 96745, 2688, NULL),
  (25, '73104931761', 'Vasili Server', 23, b'0', 'L23', 3, 'Forest Hills Middle School', 'Gading', '2006-02-19', 'Ferris Santi', '352 858 9866', 'Indonesia', 'Chonogol', 'Chinook', 0, 9785, 23),
  (26, '78293030363', 'Harp Harker', 24, b'0', 'L24', 4, 'Meadowbrook Elementary School', 'Kampinos', '2000-05-03', 'Adria Odney', '260 763 2138', 'Poland', 'Göteborg', 'Emmet', 5, 90, NULL),
  (27, '75784665706', 'Tobias Brandes', 25, b'0', 'L25', 5, 'Green Valley High School', 'Santa Ana Huista', '2001-11-23', 'Shandee Antonomoli', '684 187 8872', 'Guatemala', 'Phonsavan', 'Brown', 13031, 6387, 25),
  (28, '72458881860', 'Heda Stenson', 26, b'0', 'L1', 6, 'Pinehill High School', 'Na Yung', '2001-03-27', 'Vlad de Clerq', '983 604 5154', 'Thailand', 'Bhiria', 'Stephen', 41380, 215, NULL),
  (29, '76594353251', 'Broderick Stoll', 27, b'0', 'L2', 7, 'Laurelwood Elementary School', 'Changqiao', '2005-02-07', 'Justis Mawtus', '487 712 3626', 'China', 'Luzon', 'Melby', 0, 9, 27),
  (31, '74769711143', 'Cirilo Proback', 28, b'0', 'L3', 8, 'Pinehill High School', 'Moglicë', '2006-01-21', 'Allard Scone', '552 983 3493', 'Albania', 'Uzdin', '1st', 0, 60181, NULL),
  (32, '73218263270', 'Orelle Harley', 29, b'0', 'L4', 9, 'Oakridge Middle School', 'Piúma', '2004-08-22', 'Laurice Smithies', '129 339 2629', 'Brazil', 'Duy Xuyên', 'Arkansas', 29285, 1591, 29),
  (33, '78296242462', 'Fern Tapping', 30, b'0', 'L5', 10, 'Maplewood Elementary School', 'Linjiang', '2005-09-05', 'Chucho Trott', '562 788 1626', 'China', 'Nicolas Bravo', 'Fulton', 0, 2, NULL),
  (34, '73336367079', 'Michele Showl', 31, b'0', 'L6', 11, 'Forestbrook Elementary School', 'Le Havre', '2003-08-15', 'Farly Pinnock', '694 739 4788', 'France', 'Natu', 'Veith', 76069, 22908, 31),
  (35, '73087766103', 'Agatha Chaplain', 32, b'0', 'L7', 12, 'Pinehill High School', 'Pontevedra', '2003-07-23', 'Seka Delves', '629 922 0208', 'Argentina', 'Shikeng', 'Brown', 1761, 818, NULL),
  (36, '78238078701', 'Persis Elgood', 33, b'0', 'L8', 13, 'Elmridge Middle School', 'Phong Điền', '2005-10-25', 'Emmery MacGall', '619 878 4911', 'Vietnam', 'Nagua', 'Basil', 0, 0, 33),
  (37, '73064445036', 'Simeon Strivens', 34, b'0', 'L9', 14, 'Forest Hills Middle School', 'Balucuc', '2006-04-02', 'Allis Duchart', '379 820 2036', 'Philippines', 'Forestville', 'Kensington', 2016, 17, NULL),
  (38, '77267777825', 'Christiana Darnbrough', 35, b'0', 'L10', 15, 'Green Valley High School', 'Shtip', '2002-10-16', 'Anna-diane Synan', '462 244 6261', 'Macedonia', 'Hufang', 'Boyd', 2000, 686, 35),
  (39, '71679324203', 'Talia Sweynson', 36, b'0', 'L11', 16, 'Springfield Elementary School', 'Lowotukan', '2000-01-13', 'Marcus O'' Bee', '644 874 7359', 'Indonesia', 'Jiaocun', 'Division', 0, 3987, NULL),
  (41, '73162003320', 'Dewain Sommerled', 37, b'0', 'L12', 17, 'Oakwood Middle School', 'Umeå', '2004-11-08', 'Daniel O'' Reagan', '470 904 6272', 'Sweden', 'Oguma', 'Sullivan', 903, 8, 37),
  (42, '73466577904', 'Ursuline Pahlsson', 38, b'0', 'L13', 18, 'Willowbrook Elementary School', 'Morje', '2004-09-25', 'Carma Tschierse', '854 475 5433', 'Slovenia', 'Olhão', 'Northwestern', 2314, 4844, NULL),
  (43, '77867885367', 'Eugenio Syer', 39, b'0', 'L14', 19, 'Elmridge Middle School', 'Maubin', '2005-10-31', 'Heida Kline', '724 938 6649', 'Myanmar', 'Pulangbato', 'Briar Crest', 0, 72466, 39),
  (44, '72496379322', 'Andriana Boatwright', 40, b'0', 'L15', 20, 'Sunnyside Middle School', 'Kendayakan', '2001-01-11', 'Viki Hare', '459 492 6848', 'Indonesia', 'Yisuhe', 'Lakeland', 0, 1, NULL),
  (45, '78172586750', 'Stacy Sudworth', 41, b'0', 'L16', 1, 'Sunset Elementary School', 'Fengcheng', '2005-03-28', 'Arie Mostyn', '251 341 0853', 'China', 'Mortka', '1st', 0, 7633, 41),
  (46, '72315466899', 'Wells Line', 42, b'0', 'L17', 2, 'Crestview High School', 'Lazaro Cardenas', '1999-08-09', 'Vanya Wackley', '695 770 4008', 'Mexico', 'Claye-Souilly', 'Longview', 60340, 73, NULL),
  (47, '71692791737', 'Em Gane', 43, b'0', 'L18', 3, 'Willowdale High School', 'Yemva', '2003-12-09', 'Dena Hawkett', '943 566 9002', 'Russia', 'Rossosh’', 'Glendale', 169205, 93, 43),
  (48, '72914764428', 'Lee Stripp', 44, b'0', 'L19', 4, 'Pinecrest Elementary School', 'La Tebaida', '1999-01-21', 'Sanderson Bengtsen', '691 544 4092', 'Colombia', 'Gīdolē', 'Esch', 633027, 8, NULL),
  (49, '74064911946', 'Hymie Willmott', 45, b'0', 'L20', 5, 'Crestview High School', 'Berlin', '2001-03-04', 'Allyn Owlner', '147 859 6124', 'Germany', 'Río Tercero', 'Moulton', 14199, 47436, 45),
  (51, '78210482499', 'Toiboid Scrimgeour', 46, b'0', 'L21', 6, 'Laurelwood Elementary School', 'Urbiztondo', '2003-05-20', 'Sergei Dary', '471 565 6246', 'Philippines', 'Chhāgalnāiya', 'Vernon', 2414, 7, NULL),
  (52, '71125459899', 'Eadith Stiegars', 47, b'0', 'L22', 7, 'Cedarcrest Middle School', 'Quintong', '2006-07-27', 'Janaye Guidetti', '361 967 1226', 'Philippines', 'Novo-Peredelkino', 'Sage', 2417, 5, 47),
  (53, '70752238500', 'Sarajane Scranney', 48, b'0', 'L23', 8, 'Pinehill High School', 'Kopidlno', '1999-12-04', 'Joy Fleay', '768 892 8116', 'Czech Republic', 'Remolino', 'Hintze', 507, 1084, NULL),
  (54, '73299511840', 'Shayna Bosworth', 49, b'0', 'L24', 9, 'Brookside High School', 'Lewolere', '1999-11-28', 'Giacomo Debnam', '569 519 4740', 'Indonesia', 'Bilicenii Vechi', 'Melvin', 0, 4, 49),
  (55, '70799822656', 'Alie Queyeiro', 50, b'0', 'L25', 10, 'Cedar Hill Elementary School', 'Shitong', '2000-12-23', 'Conni Semple', '761 994 1970', 'China', 'Coris', 'Sunnyside', 0, 93, NULL),
  (56, '70567662414', 'Elsinore Stigers', 51, b'1', 'F1', 11, 'Forest Hills Middle School', 'Ziguinchor', '2002-05-12', 'Dimitry Maunsell', '273 470 6154', 'Senegal', 'Kowŏn-ŭp', 'Hintze', 0, 7, 51),
  (57, '77917182780', 'Umeko Lenin', 52, b'1', 'F2', 12, 'Brookside Elementary School', 'Bang Krathum', '1999-01-26', 'Gretel Dunrige', '409 730 1131', 'Thailand', 'Fenoarivo Be', 'Farwell', 65110, 9886, NULL),
  (58, '75755520515', 'Diannne Wathen', 53, b'1', 'F3', 13, 'Greenfield Middle School', 'Presidente Médici', '2006-09-03', 'Chickie Biaggiotti', '401 902 9727', 'Brazil', 'Nova Odessa', 'High Crossing', 78968, 9, 53),
  (59, '71504370909', 'Adan Bacon', 54, b'1', 'F4', 14, 'Greenfield Middle School', 'Jaguariaíva', '2002-01-31', 'Lorilyn Gaytor', '171 332 3998', 'Brazil', 'Quinocay', 'Oak Valley', 84200, 784, NULL),
  (61, '70799739820', 'Bernardo Algore', 55, b'1', 'F5', 15, 'Meadowlark Middle School', 'Peras Ruivas', '2003-03-29', 'Carlota Aysik', '799 751 0293', 'Portugal', 'Devesa', 'Spenser', 2435, 54, 55),
  (62, '71979222202', 'Karoline Boath', 56, b'1', 'F6', 16, 'Greenfield Middle School', 'Karolino-Buhaz', '2000-07-16', 'Haleigh Kinzel', '779 525 0913', 'Ukraine', 'Makui', 'Clove', 0, 7, NULL),
  (63, '70542535737', 'Benni Goslin', 57, b'1', 'F7', 17, 'Elmridge Middle School', 'Pangantocan', '2001-02-07', 'Ailina Borman', '414 218 3379', 'Philippines', 'San Juan Nepomuceno', 'Jenna', 4006, 4, 57),
  (64, '75702690943', 'Elysee Parsons', 58, b'1', 'F8', 18, 'Brookside Elementary School', 'Torsby', '2004-01-15', 'Paxon Pentony', '403 538 4328', 'Sweden', 'Tebanah', 'Artisan', 685, 31, NULL),
  (65, '76215383350', 'Deva Lovewell', 59, b'1', 'F9', 19, 'Hillcrest Middle School', 'Camagüey', '2006-08-23', 'Barb Greeves', '234 882 4435', 'Cuba', 'Mamponteng', 'Derek', 0, 21858, 59),
  (66, '76969702238', 'Bobette McLinden', 60, b'1', 'F10', 20, 'Mountainview High School', 'Cipari', '2001-04-26', 'Gunner Scotchmur', '506 498 0436', 'Indonesia', 'Stari Grad', 'Northport', 0, 325, NULL),
  (67, '76990844599', 'Zacharie Buss', 61, b'1', 'F11', 1, 'Valley View Middle School', 'Quibdó', '2007-03-27', 'Dierdre Cosser', '123 962 2591', 'Colombia', 'Glória do Goitá', 'Donald', 270009, 1, 61),
  (68, '70023053363', 'Teresa McQuode', 62, b'1', 'F12', 2, 'Oakridge Middle School', 'Shah Alam', '2002-09-02', 'Garrek Heelis', '449 192 3665', 'Malaysia', 'Chengnan', '1st', 40726, 487, NULL),
  (69, '75023088562', 'Kelsey Heggs', 63, b'1', 'F13', 3, 'Springwood Elementary School', 'Sulahan', '1999-10-28', 'bE1e Grinley', '274 777 3910', 'Indonesia', 'Napnapan', 'Sauthoff', 0, 6918, 63),
  (71, '76149651095', 'Tallulah Brydie', 64, b'1', 'F14', 4, 'Lakeview High School', 'Kazanlŭk', '2002-04-12', 'Ignatius Hardingham', '845 125 7083', 'Bulgaria', 'Huai Yot', 'Corscot', 6165, 83105, NULL),
  (72, '78277941286', 'Lorrie McDermot', 65, b'1', 'F15', 5, 'Meadowbrook Elementary School', 'Guachetá', '2007-09-07', 'Ragnar Botten', '588 532 9132', 'Colombia', 'Fresno', 'Anzinger', 250618, 9398, 65),
  (73, '72202778775', 'Simonne Rainger', 66, b'1', 'F16', 6, 'Lakeside High School', 'Phoenix', '1999-01-02', 'Corabel Lukacs', '602 247 0088', 'United States', 'Caitang', 'Anzinger', 85072, 174, NULL),
  (74, '76159250430', 'Essie Emons', 67, b'1', 'F17', 7, 'Oakwood Middle School', 'Siding', '2004-01-20', 'Alika Ennever', '848 553 2596', 'Indonesia', 'Khust', 'Northwestern', 0, 40395, 67),
  (75, '74987826922', 'Debora de Keep', 68, b'1', 'F18', 8, 'Hillside High School', 'Guadalupe Victoria', '2002-06-18', 'Harri Bonder', '142 630 6810', 'Mexico', 'Old Shinyanga', 'Warner', 30414, 200, NULL),
  (76, '75500175799', 'Karrah De Malchar', 69, b'1', 'F19', 9, 'Forestbrook Elementary School', 'Chigorodó', '2000-01-15', 'Agatha Struttman', '187 953 3590', 'Colombia', 'Tambaksumur', 'Beilfuss', 57418, 7, 69),
  (77, '71307468265', 'Meaghan Dawidman', 70, b'1', 'F20', 10, 'Hillcrest Middle School', 'Fareydūnshahr', '2001-10-06', 'Morena Stathor', '694 282 8463', 'Iran', 'Armação de Búzios', 'Westridge', 0, 605, NULL),
  (78, '75299223323', 'Laraine Gilardoni', 71, b'1', 'F21', 11, 'Parkview Elementary School', 'Sutton', '2002-10-29', 'Ginnie Humby', '288 364 7315', 'Canada', 'Tariji', 'Ridgeview', 0, 5095, 71),
  (79, '73916090627', 'Fairlie Swadden', 72, b'1', 'F22', 12, 'Cedarcrest Middle School', 'Pokój', '2003-02-18', 'Niki Gresty', '273 703 4790', 'Poland', 'Girihieum', 'Park Meadow', 46, 7, NULL),
  (81, '78951069796', 'Hermy Caldeiro', 73, b'1', 'F23', 13, 'Maplewood Elementary School', 'Dongle', '2002-03-21', 'Sharline Chaulk', '576 209 9327', 'China', 'Fuding', 'Comanche', 0, 83, 73),
  (82, '71511755926', 'Donna Oakden', 74, b'1', 'F24', 14, 'Woodridge Middle School', 'Fasito‘outa', '2006-09-01', 'Marieann Kienl', '195 905 8453', 'Samoa', 'Moya', 'Schiller', 0, 22121, NULL),
  (83, '78341581232', 'Anthe Lurner', 75, b'1', 'F25', 15, 'Valley View Middle School', 'Ħamrun', '2001-10-18', 'Erv D''eye', '289 411 1588', 'Malta', 'Ārifwāla', 'Tony', 0, 81, 75),
  (84, '77307017396', 'Riley Cattanach', 76, b'1', 'F1', 16, 'Green Valley High School', 'The Valley', '2007-04-30', 'Nolan Iannini', '573 846 7674', 'Anguilla', 'Kryvyy Rih', 'Village Green', 0, 3, NULL),
  (85, '72130407739', 'Sheena Balog', 77, b'1', 'F2', 17, 'Riverbend Elementary School', 'Chonchi', '2007-03-31', 'Hewett Kristof', '926 756 3526', 'Chile', 'Sale', 'Hoepker', 0, 4724, 77),
  (86, '71344313087', 'Moira Larne', 78, b'1', 'F3', 18, 'Lakeside High School', 'Soeng Sang', '2001-07-12', 'Roxine Roswarne', '358 749 0311', 'Thailand', 'Ranong', '8th', 30330, 79554, NULL),
  (87, '78597339983', 'Hubey Seilmann', 79, b'1', 'F4', 19, 'Riverside High School', 'Jalupang Dua', '2003-10-01', 'Adella Dreger', '648 418 1481', 'Indonesia', 'Mondokan', 'Florence', 0, 3068, 79),
  (88, '71452221630', 'Fergus Gleeton', 80, b'1', 'F5', 20, 'Greenfield Middle School', 'Jiazhuyuan', '2001-09-19', 'Clareta Farlowe', '838 354 2457', 'China', 'Boychinovtsi', 'Meadow Vale', 0, 70, NULL),
  (89, '75311807537', 'Lefty Yter', 81, b'1', 'F6', 1, 'Willowbrook Elementary School', 'Woodford Hill', '2007-03-01', 'Kylie Davidson', '241 676 2095', 'Dominica', 'Birr', 'Oakridge', 0, 59073, 81),
  (91, '71439566666', 'Nerti Cape', 82, b'1', 'F7', 2, 'Brookside Elementary School', 'Dampit Satu', '2006-02-27', 'Basia Dubose', '685 218 4516', 'Indonesia', 'Wenping', 'Charing Cross', 0, 5, NULL),
  (92, '71835740456', 'Gui Burston', 83, b'1', 'F8', 3, 'Elmridge Middle School', 'Alcáçovas', '2003-12-13', 'Helene Goldson', '697 271 1892', 'Portugal', 'Sukarame', 'Waubesa', 7090, 5, 83),
  (93, '72473240573', 'Dorena Antrobus', 84, b'1', 'F9', 4, 'Pinecrest Elementary School', 'Castanheira', '2003-08-17', 'Elberta Shelf', '579 832 2342', 'Portugal', 'Johor Bahru', 'Glendale', 4820, 63, NULL),
  (94, '77660064860', 'Lyn Chimes', 85, b'1', 'F10', 5, 'Springwood Elementary School', 'Szczytno', '2000-11-13', 'Trstram Gilston', '232 526 2005', 'Poland', 'Linhó', 'Magdeline', 12, 23, 85),
  (95, '70411387931', 'Lee Sinderland', 86, b'1', 'F11', 6, 'Sunnydale High School', 'Phoenix', '1999-08-06', 'Audrye Klich', '602 639 9578', 'United States', 'Mashan', 'Hovde', 85030, 7, NULL),
  (96, '71940142930', 'Lars Dougharty', 87, b'1', 'F12', 7, 'Oakwood Middle School', 'Tangchi', '2001-06-13', 'Hulda Joll', '479 159 0463', 'China', 'Bosaso', 'Menomonie', 0, 6, 87),
  (97, '70774334948', 'Juliet Fontes', 88, b'1', 'F13', 8, 'Riverbend Elementary School', 'Navegantes', '2000-07-24', 'Carena Simester', '344 189 4650', 'Brazil', 'Tapan', 'Gerald', 88375, 8, NULL),
  (98, '72131674038', 'Antoinette Skitral', 89, b'1', 'F14', 9, 'Cedarcrest Middle School', 'Staré Město', '2003-04-24', 'Willy Andrick', '518 970 3141', 'Czech Republic', 'Shuiting', 'Cardinal', 788, 70, 89),
  (99, '75431140982', 'Luelle Gaunson', 90, b'1', 'F15', 10, 'Brookside High School', 'Älvsjö', '2004-01-18', 'Loren Lyness', '511 308 7818', 'Sweden', 'Flers', 'Columbus', 125, 65, NULL),
  (101, '72659202013', 'Janene Hallas', 91, b'1', 'F16', 11, 'Cedarcrest Middle School', 'Sempu', '2000-08-19', 'Maxwell Haccleton', '473 315 0683', 'Indonesia', 'Chust Shahri', 'Stang', 0, 9751, 91),
  (102, '71400609123', 'Orin Kent', 92, b'1', 'F17', 12, 'Mountain View High School', 'Nouakchott', '2005-08-14', 'Mile MacTrustam', '204 575 2796', 'Mauritania', 'Skara', 'Swallow', 0, 17117, NULL),
  (103, '75997552037', 'Dianne Bridel', 93, b'1', 'F18', 13, 'Greenfield Middle School', 'Gurra e Vogël', '1999-09-18', 'Corbin Heddan', '433 873 6057', 'Albania', 'Lutomiersk', 'Pawling', 0, 600, 93),
  (104, '77390968263', 'Antonino Realy', 94, b'1', 'F19', 14, 'Springdale Elementary School', 'San José de Río Tinto', '2001-11-02', 'Wynnie Gentery', '677 518 0601', 'Honduras', 'Mairinque', 'Thackeray', 0, 311, NULL),
  (105, '77785786338', 'Jamison Keson', 95, b'1', 'F20', 15, 'Parkview Elementary School', 'Il’inskiy Pogost', '2005-08-10', 'Charmine Bolton', '992 317 3495', 'Russia', 'Karbinci', 'Buhler', 142655, 55704, 95),
  (106, '73759557640', 'Belinda Lanyon', 96, b'1', 'F21', 16, 'Laurelwood Elementary School', 'El Retiro', '2001-01-19', 'Isacco Low', '919 555 7714', 'Colombia', 'Musanze', 'Acker', 55438, 27, NULL),
  (107, '78734962514', 'Mellie Kinkead', 97, b'1', 'F22', 17, 'Forest Hills Middle School', 'Makurazaki', '2007-07-09', 'Marlow Abrahm', '874 540 8771', 'Japan', 'Obeliai', '2nd', 898, 467, 97),
  (108, '75657755019', 'Ody Yerrell', 98, b'1', 'F23', 18, 'Oakridge Middle School', 'Évry', '2000-09-24', 'Nadeen Wicks', '271 980 5772', 'France', 'Salavan', 'Armistice', 91914, 66, NULL),
  (109, '74104951083', 'Jacklyn Smythin', 99, b'1', 'F24', 19, 'Sunnyside Middle School', 'Chaumont', '2002-10-19', 'Annadiana Gittins', '325 348 0714', 'France', 'Tullinge', 'Sullivan', 52011, 0, 99),
  (111, '74250605141', 'Cathrine Mulholland', 100, b'1', 'F25', 20, 'Pinecrest Elementary School', 'Jingtan', '2005-10-13', 'Floria Quan', '935 293 9493', 'China', 'Nanlang', 'Pond', 0, 957, NULL),
  (112, '73093709672', 'Tan Cordsen', 1, b'0', 'L1', 1, 'Sunnyside Middle School', 'Yasinya', '2001-02-08', 'Pierette Stote', '557 806 1143', 'Ukraine', 'Mets Parni', '7th', 0, 670, 101),
  (113, '75270056086', 'Tildie Cattel', 2, b'0', 'L2', 2, 'Mountainview High School', 'Dado', '2002-05-03', 'Izzy Shingler', '764 623 1250', 'Philippines', 'Kaca', 'Heffernan', 5037, 1808, NULL),
  (114, '74610984039', 'Luis Cansdill', 3, b'0', 'L3', 3, 'Chestnut Middle School', 'Xiying', '2006-05-24', 'Kristin Duddan', '444 646 2849', 'China', 'Lenakapa', 'Bayside', 0, 79, 103),
  (115, '71344771788', 'Griswold Goldin', 4, b'0', 'L4', 4, 'Hillside High School', 'Ketanen', '2003-04-29', 'Haydon Haldon', '144 979 7382', 'Indonesia', 'Safi', 'Ohio', 0, 826, NULL),
  (116, '77668802517', 'Rebecka Stapele', 5, b'0', 'L5', 5, 'Forestbrook Elementary School', 'Giraldo', '2002-07-14', 'Sonny Squibb', '899 639 5873', 'Colombia', 'Chicama', 'Butterfield', 57047, 4, 105),
  (117, '72487299012', 'Abrahan Rheubottom', 6, b'0', 'L6', 6, 'Birchwood Elementary School', 'Fengqiao', '1999-07-28', 'Barb Millam', '302 480 3983', 'China', 'Javhlant', 'Corry', 0, 8085, NULL),
  (118, '75716007039', 'Chariot Moorcroft', 7, b'0', 'L7', 7, 'Greenfield Middle School', 'Xinshi', '2006-10-04', 'Ambur Ranyell', '932 730 6982', 'China', 'Guojiazhuang', 'Marquette', 0, 9, 107),
  (119, '74285321067', 'Georges Beams', 8, b'0', 'L8', 8, 'Elmwood Middle School', 'Santi Suk', '2004-08-01', 'Baillie Baumber', '277 116 5868', 'Thailand', 'Primero de Mayo', 'Kinsman', 61150, 9150, NULL),
  (121, '76365062480', 'Darla Norwell', 9, b'0', 'L9', 9, 'Valley View Middle School', 'Buenaventura', '2000-03-25', 'Dino Bissill', '365 316 4602', 'Colombia', 'Narok', 'Waxwing', 764517, 43, 109),
  (122, '72607964830', 'Rennie Petrishchev', 10, b'0', 'L10', 10, 'Springdale Elementary School', 'Anbyŏn-ŭp', '2005-04-04', 'Abram Boyington', '863 553 1170', 'North Korea', 'Shiziling', 'Tony', 0, 756, NULL),
  (123, '70572894226', 'Kayla Lampert', 11, b'0', 'L11', 11, 'Birchwood Elementary School', '‘Anat al Qadīmah', '2001-06-12', 'Ashlie Dyball', '319 620 5360', 'Iraq', 'Navoiy', 'Forest Run', 0, 90, 111),
  (124, '74407927287', 'Pedro Ewbanke', 12, b'0', 'L12', 12, 'Brookside Elementary School', 'Hongping', '1999-06-21', 'Terry Traill', '492 886 6505', 'China', 'Neochóri', 'Sunfield', 0, 88, NULL),
  (125, '74024301558', 'Baxy Moverley', 13, b'0', 'L13', 13, 'Maplehurst High School', 'Antigonish', '2005-01-28', 'Christian Mussard', '467 193 6083', 'Canada', 'Baochang', 'Tennessee', 0, 16738, 113),
  (126, '71463925472', 'Pamella Syson', 14, b'0', 'L14', 14, 'Pinecrest Elementary School', 'Ceres', '2004-07-07', 'Caspar Ramberg', '536 891 4179', 'South Africa', 'Risālpur', 'Judy', 6840, 264, NULL),
  (127, '78847932100', 'Bryon Holburn', 15, b'0', 'L15', 15, 'Lakeside High School', 'Launceston', '2002-11-15', 'Jobye Cosyns', '493 652 6323', 'Australia', 'Jining', 'Rowland', 7916, 80, 115),
  (128, '76326665940', 'Brit Piccard', 16, b'0', 'L16', 16, 'Elmwood Middle School', 'Kayanza', '2002-03-28', 'Witty Hurlestone', '286 699 8260', 'Burundi', 'Uspenka', 'Summerview', 0, 2015, NULL),
  (129, '73179809787', 'Mariska Tomasz', 17, b'0', 'L17', 17, 'Riverbend Elementary School', 'Sinargalih', '2007-09-05', 'Dexter Pendleberry', '126 852 9416', 'Indonesia', 'Poigar', 'Burning Wood', 0, 78254, 117),
  (131, '76183431162', 'Athene Steddall', 18, b'0', 'L18', 18, 'Oakridge Middle School', 'Conde', '2001-08-10', 'Daffie Morrice', '601 350 3887', 'Brazil', 'Jiamaying', 'Lakewood', 58322, 2, NULL),
  (132, '72629453843', 'Doris Lambin', 19, b'0', 'L19', 19, 'Hillcrest Middle School', 'Zongga', '2001-05-24', 'Abram Blackaller', '250 380 5314', 'China', 'Dongxing', 'Fallview', 0, 1, 119),
  (133, '75987533694', 'Celka Espinos', 20, b'0', 'L20', 20, 'Willowbrook Elementary School', 'Yuzui', '1999-02-19', 'Kaylil Gwilym', '461 795 8454', 'China', 'Quintães', 'Holmberg', 0, 0, NULL),
  (134, '78515196339', 'Siffre Matiashvili', 21, b'0', 'L21', 1, 'Meadowbrook Elementary School', 'Tawaran', '2002-04-26', 'Lillis Le Franc', '638 490 2225', 'Indonesia', 'Aubenas', 'Meadow Ridge', 0, 4333, 121),
  (135, '73819292712', 'Shaun Abelwhite', 22, b'0', 'L22', 2, 'Chestnut Middle School', 'Payao', '2007-11-21', 'Antonina Leven', '943 719 3392', 'Philippines', 'Loúros', 'Artisan', 7008, 9407, NULL),
  (136, '78137042276', 'Mariya Cosser', 23, b'0', 'L23', 3, 'Sunnyslope Middle School', 'Pochinok', '2004-07-12', 'Osbert Cheese', '937 435 1316', 'Russia', 'San Jacinto', 'Tomscot', 216486, 76284, 123),
  (137, '71507855375', 'Joice Affuso', 24, b'0', 'L24', 4, 'Mountain View High School', 'Texíguat', '2006-04-22', 'Suzanne Laugheran', '611 272 6399', 'Honduras', 'Yangjiao', 'Kinsman', 0, 7, NULL),
  (138, '79985961313', 'Prescott Rabbitt', 25, b'0', 'L25', 5, 'Mountainview High School', 'Ciyu', '2003-11-09', 'Donetta Scrymgeour', '505 427 2895', 'China', 'Paojan', 'Forest Run', 0, 831, 125),
  (139, '72041298898', 'Bale Mattiazzi', 26, b'0', 'L1', 6, 'Sunset Elementary School', 'Karditsomagoúla', '2006-10-04', 'Jemmie Mora', '506 354 5251', 'Greece', 'Kotabunan', 'Maywood', 0, 36, NULL),
  (141, '70323301335', 'Kahlil Mournian', 27, b'0', 'L2', 7, 'Maplehurst High School', 'Johanneshov', '2003-11-02', 'Tilda Spellward', '426 168 9879', 'Sweden', 'San Ignacio de Velasco', 'Oriole', 121, 32669, 127),
  (142, '79983622011', 'Keane Grinyakin', 28, b'0', 'L3', 8, 'Maplehurst High School', 'Harbour Breton', '2004-04-29', 'Northrop Sand', '714 802 2255', 'Canada', 'Campamento', 'Hanson', 0, 77, NULL),
  (143, '78440995439', 'Fiann Wetter', 29, b'0', 'L4', 9, 'Greenfield Middle School', 'Bolgar', '2002-10-27', 'Corella Sheryn', '936 863 9997', 'Russia', 'Lupak', 'Mandrake', 422840, 0, 129),
  (144, '76393959684', 'Cesar Gemmell', 30, b'0', 'L5', 10, 'Maplewood Elementary School', 'Nyandoma', '2004-11-21', 'Jeffy Edwicke', '178 701 8155', 'Russia', 'Yerazgavors', 'Talmadge', 164200, 80327, NULL),
  (145, '77926236322', 'Carley Baylay', 31, b'0', 'L6', 11, 'Oakwood Middle School', 'Methóni', '2002-03-08', 'Emmeline Cuffe', '642 707 8817', 'Greece', 'Bogo', 'Tomscot', 0, 8048, 131),
  (146, '76482679836', 'Carlin Kettlesting', 32, b'0', 'L7', 12, 'Maplehurst High School', 'Unawatuna', '2002-06-07', 'Raychel Patzelt', '223 269 3524', 'Sri Lanka', 'Tokmok', 'Shelley', 80600, 8796, NULL),
  (147, '70135000615', 'Mendy Bilbey', 33, b'0', 'L8', 13, 'Oakridge Middle School', 'Keetmanshoop', '2006-03-13', 'Dixie Strelitzki', '786 985 3891', 'Namibia', 'Santa Elena', 'Dexter', 0, 85670, 133),
  (148, '72908484461', 'Xylia Reedyhough', 34, b'0', 'L9', 14, 'Woodridge Middle School', 'Smederevska Palanka', '2001-10-21', 'Micki Quare', '810 536 8682', 'Serbia', 'Berlin', 'Logan', 0, 403, NULL),
  (149, '77057240496', 'Nial Matessian', 35, b'0', 'L10', 15, 'Sunnyslope Middle School', 'Villa Castelli', '2006-10-16', 'Aimee Greenstock', '531 535 8245', 'Argentina', 'Wuguishan', 'Everett', 5355, 0, 135),
  (151, '75309200994', 'Jermaine Howatt', 36, b'0', 'L11', 16, 'Oakridge Middle School', 'Ōdachō-ōda', '2002-03-11', 'Geoffrey Aleixo', '955 987 4381', 'Japan', 'Wręczyca Wielka', 'Talisman', 699, 2547, NULL),
  (152, '75115205157', 'Ruby Dollman', 37, b'0', 'L12', 17, 'Sunset Elementary School', 'Bagadó', '2007-11-11', 'Basil Bonhan', '840 497 1342', 'Colombia', 'Askaniya Nova', 'Corry', 271058, 3310, 137),
  (153, '74538718840', 'Marijn Sponer', 38, b'0', 'L13', 18, 'Springfield Elementary School', 'Xiangtan', '2001-12-18', 'Bondy Paffot', '120 745 0831', 'China', 'Konakridee', 'Division', 0, 672, NULL),
  (154, '70267736037', 'Sinclair Castille', 39, b'0', 'L14', 19, 'Springwood Elementary School', 'Erbil', '2001-04-16', 'Seka Devine', '363 726 2305', 'Iraq', 'Ujmisht', 'Dennis', 0, 1879, 139),
  (155, '76741685877', 'Cybill MacManus', 40, b'0', 'L15', 20, 'Oakwood Middle School', 'Hội An', '2005-01-20', 'Abbott Dillimore', '912 478 5077', 'Vietnam', 'Shiraz', 'Manufacturers', 0, 6731, NULL),
  (156, '74477784346', 'Kristi Wooff', 41, b'0', 'L16', 1, 'Sunnyside Middle School', 'Harstad', '2003-09-29', 'Lilith Collin', '513 760 7703', 'Norway', 'Itapevi', 'Browning', 9498, 0, 141),
  (157, '74131836477', 'Devina Pocock', 42, b'0', 'L17', 2, 'Crestview High School', 'Cinyawar', '2002-10-13', 'Gregorius Blenkhorn', '389 948 9617', 'Indonesia', 'Gaoqiao', 'Reindahl', 0, 0, NULL),
  (158, '79595873651', 'Lay Hancell', 43, b'0', 'L18', 3, 'Elmwood Middle School', 'Palaífyto', '2007-06-20', 'Shane Cunio', '858 739 2429', 'Greece', 'Rtyně v Podkrkonoší', 'Birchwood', 0, 1717, 143),
  (159, '73320768120', 'Winfield Riall', 44, b'0', 'L19', 4, 'Chestnut Middle School', 'Sacramento', '2006-05-23', 'Conn Tebboth', '916 224 8360', 'United States', 'Tall Abyaḑ', 'Morning', 94297, 6, NULL),
  (161, '74493590158', 'Timothee Queyos', 45, b'0', 'L20', 5, 'Lakeside High School', 'Gikongoro', '2002-11-05', 'Dunn Ranklin', '547 593 8817', 'Rwanda', 'Yunxi', 'Michigan', 0, 73, 145),
  (162, '77266876691', 'Chicky Heckner', 46, b'0', 'L21', 6, 'Mountainview High School', 'Illéla', '2002-04-01', 'Cathyleen Allard', '507 200 7526', 'Niger', 'Qiubin', 'Vermont', 0, 93, NULL),
  (163, '71170531746', 'Reggie Ofen', 47, b'0', 'L22', 7, 'Forestbrook Elementary School', 'Damaturu', '2007-11-18', 'Yoshiko Hankey', '461 706 4679', 'Nigeria', 'Bancar', 'Golf Course', 0, 65, 147),
  (164, '77223884971', 'Kippie Gauler', 48, b'0', 'L23', 8, 'Willowdale High School', 'Yanshi', '2006-07-26', 'Margo Scotchmer', '808 168 0270', 'China', 'Lubuagan', 'Muir', 0, 3967, NULL),
  (165, '78633280869', 'Amelina Hydes', 49, b'0', 'L24', 9, 'Sunnyslope Middle School', 'Hanjiashu', '2004-03-12', 'Sonja Auten', '815 541 7782', 'China', 'Sviblovo', 'Pearson', 0, 0, 149),
  (166, '78665631611', 'Sonni Iacovaccio', 50, b'0', 'L25', 10, 'Oakridge Middle School', 'Montaneza', '2006-05-08', 'Jule Siege', '965 937 0394', 'Philippines', 'Grebenskaya', 'Starling', 6029, 64399, NULL),
  (167, '70358637107', 'Dyna Lints', 51, b'1', 'F1', 11, 'School Name', 'Áyios Vasílios', '2007-04-23', 'Arlyn Galbreth', '299 696 0358', 'Greece', 'Karabash', 'Heath', 0, 4598, 151),
  (168, '77076688359', 'Fara Cleland', 52, b'1', 'F2', 12, 'Oakwood Middle School', 'Mapiripán', '2003-07-24', 'Syd Duncombe', '164 508 8342', 'Colombia', 'Trostyanets’', 'Luster', 943057, 532, NULL),
  (169, '76297980206', 'Rik Marmyon', 53, b'1', 'F3', 13, 'Brookside High School', 'Linghu', '2003-07-31', 'Basil Rabat', '140 188 0718', 'China', 'Mēga', 'Eggendart', 0, 8, 153),
  (171, '78561694395', 'Bonnie Jacke', 54, b'1', 'F4', 14, 'Pinehill High School', 'Karapyshi', '2005-08-30', 'Shelia Pesterfield', '468 987 2064', 'Ukraine', 'Agbannawag', 'School', 0, 30, NULL),
  (172, '71982527597', 'Daryl Wardale', 55, b'1', 'F5', 15, 'Elmwood Middle School', 'Capitán Bado', '2007-08-11', 'Shela Glassard', '122 257 1350', 'Paraguay', 'Nyrob', 'Oak', 0, 472, 155),
  (173, '79093678758', 'Hilde Baxstair', 56, b'1', 'F6', 16, 'Green Valley High School', 'Cibunut', '2002-08-30', 'Harley Jell', '289 508 1614', 'Indonesia', 'Dukhovshchina', 'Knutson', 0, 73, NULL),
  (174, '78198547357', 'Cassaundra Szantho', 57, b'1', 'F7', 17, 'Cedar Hill Elementary School', 'Belém', '1999-10-16', 'Paulita Gimbrett', '670 353 5878', 'Brazil', 'Op', 'East', 58255, 9, 157),
  (175, '73363535546', 'Brian Raxworthy', 58, b'1', 'F8', 18, 'Parkview Elementary School', 'Sembungan Kidul', '2004-03-16', 'Jobye Howie', '400 605 0825', 'Indonesia', 'Vynohradove', 'Gulseth', 0, 223, NULL),
  (176, '77571209520', 'Basile Duke', 59, b'1', 'F9', 19, 'Hillcrest Middle School', 'Siyang', '2004-05-03', 'Martguerita Gounot', '196 212 4562', 'China', 'Isojoki', 'Hallows', 0, 6880, 159),
  (177, '72963387658', 'Stearn Kender', 60, b'1', 'F10', 20, 'Riverside High School', 'Dobra', '2000-01-06', 'Sully Stolze', '518 966 3252', 'Poland', 'Virden', 'Bobwhite', 72, 547, NULL),
  (178, '75116800506', 'Joleen Whitsey', 61, b'1', 'F11', 1, 'Meadowbrook Elementary School', 'Batibati', '2007-11-20', 'Carlos Patty', '971 500 3101', 'Indonesia', 'Khu Khan', 'Lukken', 0, 6623, 161),
  (179, '75330510601', 'Korrie Upcraft', 62, b'1', 'F12', 2, 'Sunnyslope Middle School', 'Šilheřovice', '2002-03-31', 'Georgine Willatts', '972 341 5562', 'Czech Republic', 'Los Angeles', 'Eagle Crest', 747, 3244, NULL),
  (181, '77339656312', 'Neron Lutty', 63, b'1', 'F13', 3, 'Forestbrook Elementary School', 'Upi', '2007-10-09', 'Demetre Wickes', '388 658 2264', 'Philippines', 'Telsiai', '2nd', 1630, 29, 163),
  (182, '77951357172', 'Golda Lawden', 64, b'1', 'F14', 4, 'Hillside High School', 'Debre Werk’', '2000-07-23', 'Vittoria Wandrich', '769 894 9229', 'Ethiopia', 'Billa', 'Ramsey', 0, 2, NULL),
  (183, '74622040849', 'Diandra Northrop', 65, b'1', 'F15', 5, 'Springwood Elementary School', 'Villa Urquiza', '2000-02-13', 'Hermy Daggett', '281 120 7425', 'Argentina', 'Kalembutillu', 'Buena Vista', 4000, 83, 165),
  (184, '75275901410', 'Estell Thorsen', 66, b'1', 'F16', 6, 'Green Valley High School', 'Cruz Alta', '2001-09-11', 'Gussie Frunks', '315 397 3422', 'Brazil', 'Yushan', 'Jana', 98000, 0, NULL),
  (185, '72856564009', 'Terese Boissieux', 67, b'1', 'F17', 7, 'Pinehill High School', 'Mikuni', '1999-07-02', 'Filip Soden', '318 594 4179', 'Japan', 'Haczów', 'Mockingbird', 949, 1, 167),
  (186, '73673538822', 'Fredra Tremmil', 68, b'1', 'F18', 8, 'Mountain View High School', 'Yuezhao', '1999-12-12', 'Yolande Fitkin', '275 177 3319', 'China', 'Serednye Vodyane', 'Vera', 0, 50, NULL),
  (187, '76592307925', 'Greer Pactat', 69, b'1', 'F19', 9, 'Oakridge Middle School', 'Chiba', '2002-04-25', 'Kelli Bercevelo', '219 742 8880', 'Japan', 'La Unión', 'Harper', 427, 8, 169),
  (188, '72920041125', 'Antonin Piotr', 70, b'1', 'F20', 10, 'Maplehurst High School', 'Erqu', '2003-12-23', 'Thatch Deshon', '391 947 2411', 'China', 'Guizi', 'Hanover', 0, 5, NULL),
  (189, '72252367637', 'Fowler Ackenhead', 71, b'1', 'F21', 11, 'Sunnyslope Middle School', 'Progreso', '2001-09-16', 'Rennie Grimley', '788 110 0869', 'Mexico', 'Salitrillos', 'Dryden', 31210, 61862, 171),
  (191, '73573252131', 'Alyda Figge', 72, b'1', 'F22', 12, 'Meadowbrook Elementary School', 'Jīt', '2005-09-02', 'Nissie Hawkwood', '506 969 6176', 'Palestinian Territory', 'Węgorzyno', 'Russell', 0, 5, NULL),
  (192, '70442959883', 'Kylynn Girton', 73, b'1', 'F23', 13, 'Green Valley High School', 'San Bernardino', '2007-09-28', 'Linnea Giraudou', '760 130 6608', 'United States', 'Aţ Ţawāḩīn', 'Northwestern', 92415, 96523, 173),
  (193, '70101351678', 'Lyndsay Bliss', 74, b'1', 'F24', 14, 'Cedarcrest Middle School', 'Dromiskin', '2000-03-31', 'Wayland Rowley', '924 287 8648', 'Ireland', 'Castañas', 'Nancy', 0, 5, NULL),
  (194, '73927266777', 'Benedicto Gricks', 75, b'1', 'F25', 15, 'Lakeview High School', 'Rancapanjang', '2003-12-18', 'Gare Illingworth', '913 583 3266', 'Indonesia', 'Pancoran', 'Thackeray', 0, 1997, 175),
  (195, '70380876434', 'Elizabet Ivanishev', 76, b'1', 'F1', 16, 'Elmwood Middle School', 'Vila Nova de Milfontes', '2004-09-02', 'Ilyssa Kemish', '198 844 8438', 'Portugal', 'Paratinga', 'Veith', 7645, 60, NULL),
  (196, '74845198147', 'Beckie Ritter', 77, b'1', 'F2', 17, 'Hillcrest Middle School', 'Yŏnggwang-ŭp', '2004-11-07', 'Giralda Gate', '772 105 0996', 'North Korea', 'Palma Gil', 'Bunker Hill', 0, 7, 177),
  (197, '72692377271', 'Nealson Mitkcov', 78, b'1', 'F3', 18, 'Cedar Hill Elementary School', 'Yoshkar-Ola', '2003-05-08', 'Maris Gay', '762 338 0047', 'Russia', 'Ngulahan', 'American Ash', 424999, 9626, NULL),
  (198, '78036919578', 'Court Desporte', 79, b'1', 'F4', 19, 'Riverdale Elementary School', 'Butigui', '2006-09-24', 'Shoshanna Learoyde', '659 139 7516', 'Philippines', 'Yebaishou', 'Petterle', 3508, 2, 179),
  (199, '73414242983', 'Nessie Strutley', 80, b'1', 'F5', 20, 'Woodland Elementary School', 'Pizarro', '2005-02-07', 'Pearla Capineer', '296 805 0490', 'Colombia', 'Bandhagen', 'Claremont', 275038, 53, NULL),
  (201, '74580761582', 'Jenda Chedgey', 81, b'1', 'F6', 1, 'Brookside Elementary School', 'Los Algarrobos', '2006-05-29', 'Homerus Brolly', '996 890 6493', 'Panama', 'Qiulu', 'Northview', 0, 236, 181),
  (202, '72943083215', 'Saba Aspenlon', 82, b'1', 'F7', 2, 'Elmridge Middle School', 'Paucar', '2000-03-07', 'Adah Baford', '180 697 8740', 'Peru', 'Shimen', 'Lakeland', 0, 9968, NULL),
  (203, '76424604291', 'Claus Gorch', 83, b'1', 'F8', 3, 'Riverside High School', 'Sumqayıt', '2007-06-18', 'Verge Ryhorovich', '398 821 1318', 'Azerbaijan', 'Chornukhy', 'Ludington', 0, 64377, 183),
  (204, '71894142447', 'Karalee Tewkesbury.', 84, b'1', 'F9', 4, 'Sunset Elementary School', 'Kribi', '2007-04-05', 'Adora Redley', '715 981 5910', 'Cameroon', 'Ponggok', 'Melody', 0, 8702, NULL),
  (205, '75549775871', 'Ganny Perrin', 85, b'1', 'F10', 5, 'Maplehurst High School', 'Kadipaten', '2005-03-15', 'Gal Mellings', '546 732 9170', 'Indonesia', 'São Paio de Gramaços', 'Elmside', 0, 69, 185),
  (206, '73182511604', 'Harlie Dignan', 86, b'1', 'F11', 6, 'Greenfield Middle School', 'Distracción', '2004-05-06', 'Anabella Grocutt', '363 597 1822', 'Colombia', 'Otllak', 'La Follette', 444008, 6219, NULL),
  (207, '73651552713', 'Kaylyn Quig', 87, b'1', 'F12', 7, 'Riverside High School', 'Córdoba', '2006-12-27', 'Gale Lob', '254 170 8485', 'Argentina', 'Coxim', 'Talmadge', 5147, 88990, 187),
  (208, '71647468347', 'Cathy Fancutt', 88, b'1', 'F13', 8, 'Hillcrest Middle School', 'Sâmraông', '2000-10-09', 'Yoshiko Checchetelli', '592 518 2208', 'Cambodia', 'Lanzhong', 'Sundown', 0, 2770, NULL),
  (209, '73025355945', 'Burty Rubel', 89, b'1', 'F14', 9, 'Meadowlark Middle School', 'Numazu', '2002-01-07', 'Ally Bottrill', '609 847 8055', 'Japan', 'Lâm Thao', 'Huxley', 419, 22, 189),
  (211, '78807446003', 'Sergei Brabbs', 90, b'1', 'F15', 10, 'Sunnyside Middle School', 'Arauca', '2002-03-01', 'Sophia Ephgrave', '889 771 7147', 'Colombia', 'Căuşeni', 'Hintze', 810009, 512, NULL),
  (212, '72149601194', 'Tore Sackett', 91, b'1', 'F16', 11, 'Oakridge Middle School', 'Ikang', '2006-06-15', 'Maxy Risbridger', '976 154 3149', 'Nigeria', 'Krajan Ngerdani', 'Mesta', 0, 1, 191),
  (213, '74451379383', 'Minny Braywood', 92, b'1', 'F17', 12, 'Crestview High School', 'Dangjiaxian', '2001-07-30', 'Addi Manchester', '245 872 9669', 'China', 'Mazańcowice', 'Prairieview', 0, 5574, NULL),
  (214, '77772173460', 'Ludovika Bracer', 93, b'1', 'F18', 13, 'School Name', 'Töysä', '2004-01-30', 'Hillel Dael', '796 902 6553', 'Finland', 'Zverevo', 'Waubesa', 63600, 27, 193),
  (215, '75632433732', 'Camel Edmonds', 94, b'1', 'F19', 14, 'Lakeside High School', 'Silvares', '2005-09-14', 'Karylin Binne', '603 619 4292', 'Portugal', 'Siemiątkowo', 'Colorado', 6230, 7, NULL),
  (216, '78517891392', 'Henriette Keeffe', 95, b'1', 'F20', 15, 'Oakwood Middle School', 'Balinad', '2002-04-10', 'Barbee D''Avaux', '408 776 0452', 'Philippines', 'Raffingora', 'Delaware', 4506, 642, 195),
  (217, '75439578476', 'Ramona Sedgman', 96, b'1', 'F21', 16, 'Maplehurst High School', 'Huangwei', '2004-04-24', 'Octavius Jedras', '942 446 8539', 'China', 'Kolodeznyy', 'Armistice', 0, 312, NULL),
  (218, '79323209410', 'Blancha Peddar', 97, b'1', 'F22', 17, 'Willowdale High School', 'Paris 16', '2003-06-29', 'Caprice MacIlraith', '960 353 8809', 'France', 'Wangzuizi', 'Starling', 75215, 883, 197),
  (219, '77278455260', 'Tammy Vodden', 98, b'1', 'F23', 18, 'Lakeside High School', 'Bern', '2004-08-10', 'Alonzo Creeboe', '236 717 4321', 'Switzerland', 'Janowice', 'Havey', 3011, 14, NULL),
  (221, '71701745010', 'Hyatt Tsar', 99, b'1', 'F24', 19, 'Lakeside High School', 'Rudong', '2003-11-10', 'Tim Houlaghan', '427 832 3064', 'China', 'Niebocko', 'David', 0, 71, 199),
  (222, '71710138634', 'Padriac Sandcroft', 100, b'1', 'F25', 20, 'Willowdale High School', 'Shingū', '2002-05-12', 'Stacy Handrik', '287 369 1269', 'Japan', 'Hancheng', 'Southridge', 813, 464, NULL),
  (223, '73673806121', 'Rivkah Burnet', 1, b'0', 'L1', 1, 'Green Valley High School', 'Kineshma', '1999-05-28', 'Maryjane Flaxman', '224 681 9198', 'Russia', 'Bellavista', 'Quincy', 102257, 8985, 201),
  (224, '71021343705', 'Conni Delacourt', 2, b'0', 'L2', 2, 'Elmridge Middle School', 'Chaoyang', '2005-07-14', 'Wheeler Alldis', '626 272 5619', 'China', 'Rios Frios', 'Dovetail', 0, 4706, NULL),
  (225, '70279919795', 'Rosemary Evamy', 3, b'0', 'L3', 3, 'Woodland Elementary School', 'Babice', '2000-01-15', 'Reade Janney', '800 149 9455', 'Poland', 'Xiachen', 'Bartelt', 37, 87, 203),
  (226, '75717999983', 'Winny Epgrave', 4, b'0', 'L4', 4, 'Willowdale High School', 'İsmayıllı', '2005-04-10', 'Hillyer Monkley', '627 875 7769', 'Azerbaijan', 'Lomme', 'Packers', 0, 668, NULL),
  (227, '74727354335', 'Shea Canet', 5, b'0', 'L5', 5, 'Elmwood Middle School', 'Nogent-le-Rotrou', '2004-08-23', 'Clay Eve', '155 449 5695', 'France', 'Liaobu', 'Spohn', 28404, 66608, 205),
  (228, '79704349569', 'Inger Barmby', 6, b'0', 'L6', 6, 'Lakeside High School', 'Borjomi', '1999-02-14', 'Gregg Nolot', '581 922 9497', 'Georgia', 'Jingzhou', 'Cascade', 0, 85, NULL),
  (229, '72241763669', 'Bessy Van''t Hoff', 7, b'0', 'L7', 7, 'Laurelwood Elementary School', 'Sanquan', '1999-03-03', 'Stefan Burchett', '577 622 5135', 'China', 'Ribeirópolis', 'Stephen', 0, 72, 207),
  (231, '78298995023', 'Avrom Wareing', 8, b'0', 'L8', 8, 'Oakwood Middle School', 'Qianzhou', '1999-12-31', 'Rhett Bullman', '131 802 9187', 'China', 'Nizhnekamsk', 'Hollow Ridge', 0, 20368, NULL),
  (232, '71533943392', 'Sampson Caldes', 9, b'0', 'L9', 9, 'Parkview Elementary School', 'Guintubhan', '1999-08-31', 'Faulkner Henzley', '868 927 6540', 'Philippines', 'Cañazas', 'Grover', 7008, 127, 209),
  (233, '78020443643', 'Remington Tunbridge', 10, b'0', 'L10', 10, 'Parkside High School', 'Kuala Terengganu', '2001-09-11', 'Joyan Cowlam', '768 485 9872', 'Malaysia', 'Toliara', 'Morrow', 20608, 49645, NULL),
  (234, '79386672497', 'Eugenie Clamo', 11, b'0', 'L11', 11, 'Forestbrook Elementary School', 'Chitose', '2007-07-27', 'Averil Greser', '482 965 2821', 'Japan', 'Andkhōy', 'Stang', 990, 8003, 211),
  (235, '76541976364', 'Humfried Hairyes', 12, b'0', 'L12', 12, 'Green Valley High School', 'Sulūk', '2001-07-24', 'Minni Le Barr', '637 717 3675', 'Syria', 'Buzovna', 'Scoville', 0, 3, NULL),
  (236, '73768886674', 'Ricki Turmall', 13, b'0', 'L13', 13, 'Lakeside High School', 'Popovo', '2004-05-15', 'Eolanda Nayshe', '472 455 1599', 'Russia', 'Voyskovitsy', 'Bultman', 423031, 84, 213),
  (237, '74011953531', 'Brocky Hanmer', 14, b'0', 'L14', 14, 'Springwood Elementary School', 'Damaishan', '2002-10-27', 'Amie Ibbeson', '862 752 1418', 'China', 'Naguilian', 'Menomonie', 0, 9, NULL),
  (238, '72573040202', 'Bowie Broschek', 15, b'0', 'L15', 15, 'Springdale Elementary School', 'Greenville', '1999-07-26', 'Chelsea Wiffler', '864 703 2804', 'United States', 'Guiyang', 'Comanche', 29605, 7743, 215),
  (239, '74946123694', 'Phaedra Brame', 16, b'0', 'L16', 16, 'Lakeview High School', 'Boyu', '2000-07-06', 'Petronilla Bellson', '976 466 8821', 'China', 'Moville', 'Oak Valley', 0, 1, NULL),
  (241, '77621118850', 'Vinnie Iveagh', 17, b'0', 'L17', 17, 'Cedarcrest Middle School', 'Guofu', '2003-12-25', 'Maryjane Vanyashkin', '783 516 9513', 'China', 'Kazo', 'Lyons', 0, 77918, 217),
  (242, '74193461457', 'Ewan Wermerling', 18, b'0', 'L18', 18, 'Elmridge Middle School', 'Xishanzui', '2000-07-21', 'Bambie Sebrook', '639 363 9822', 'China', 'Bacnor East', 'Gale', 0, 63998, NULL),
  (243, '70105576792', 'Stirling Baxandall', 19, b'0', 'L19', 19, 'Lakeside High School', 'Cibogo', '2001-08-03', 'Trenna Flori', '494 826 4384', 'Indonesia', 'Reno', 'Mcbride', 0, 798, 219),
  (244, '70168149331', 'Merridie Stapforth', 20, b'0', 'L20', 20, 'Meadowbrook Elementary School', 'Madalena do Mar', '2007-05-23', 'Sherlocke Blown', '388 161 8687', 'Portugal', 'Düsseldorf', 'Vidon', 9360, 4, NULL),
  (245, '71238512027', 'Maison Gooley', 21, b'0', 'L21', 1, 'Green Valley High School', 'El Retén', '2000-04-24', 'Amalle Broster', '387 824 2401', 'Colombia', 'Guojia', 'Riverside', 478067, 5, 221),
  (246, '77507606895', 'Si Fancy', 22, b'0', 'L22', 2, 'Lakeview High School', 'Ar Rumaythīyah', '2001-04-04', 'Huey Marl', '962 805 7915', 'Kuwait', 'Wuxihe', 'Melrose', 0, 67, NULL),
  (247, '76518710037', 'Napoleon Hails', 23, b'0', 'L23', 3, 'Pinecrest Elementary School', 'Carrigtwohill', '2004-06-22', 'Ronnie Furnell', '347 240 5402', 'Ireland', 'Žiežmariai', 'Stuart', 0, 79758, 223),
  (248, '77695353737', 'Freemon Bursnell', 24, b'0', 'L24', 4, 'Parkside High School', 'Minusinsk', '2001-07-19', 'Leia Lalor', '654 540 5025', 'Russia', 'Malawag', 'Schiller', 662622, 8326, NULL),
  (249, '76636649947', 'Bradford Gudgion', 25, b'0', 'L25', 5, 'Crestview High School', 'Gadang', '1999-05-12', 'Efrem Merle', '285 777 4894', 'Indonesia', 'Lembursawah', 'Ridge Oak', 0, 73044, 225),
  (251, '74107343694', 'Terrie Rickwood', 26, b'0', 'L1', 6, 'Crestview High School', 'Sim', '2006-06-03', 'Cher Awdry', '127 570 4074', 'Russia', 'Podbuzh', 'Fisk', 456022, 5, NULL),
  (252, '73134958904', 'Herold Holde', 27, b'0', 'L2', 7, 'Willowdale High School', 'Bajingmeduro', '2000-09-05', 'Faun Behning', '349 533 9254', 'Indonesia', 'Rio Grande da Serra', 'Graedel', 0, 9088, 227),
  (253, '70753454893', 'Amelie McPake', 28, b'0', 'L3', 8, 'Parkview Elementary School', 'Aromashevo', '2005-09-16', 'Mella Mullinder', '139 696 3744', 'Russia', 'Lodan Wetan', 'Loeprich', 412285, 56, NULL),
  (254, '72840534050', 'Karna Firidolfi', 29, b'0', 'L4', 9, 'Chestnut Middle School', 'Sawoi', '2001-06-21', 'Gerhardt Venus', '715 187 4622', 'Indonesia', 'Buriram', 'Basil', 0, 6, 229),
  (255, '72530130603', 'Robbyn Saggers', 30, b'0', 'L5', 10, 'Hillcrest Middle School', 'Trŭn', '2003-10-14', 'Randy Jouhan', '646 790 1168', 'Bulgaria', 'Kafr ash Shaykh', 'Myrtle', 2477, 2923, NULL),
  (256, '71274849576', 'Clarinda Voff', 31, b'0', 'L6', 11, 'Sunnydale High School', 'Irvine', '2003-06-01', 'Octavia Swapp', '949 682 8527', 'United States', 'Qiaochong', 'Eagle Crest', 92619, 32731, 231),
  (257, '79122208044', 'Corry Luparto', 32, b'0', 'L7', 12, 'Meadowlark Middle School', 'Pedome', '1999-09-22', 'Jory Stanbridge', '464 594 7798', 'Portugal', 'Mỏ Cày', 'Dottie', 4765, 674, NULL),
  (258, '77750756111', 'Codee Mardy', 33, b'0', 'L8', 13, 'School Name', 'Lyubotyn', '2005-01-15', 'Gwenneth Creboe', '275 963 5411', 'Ukraine', 'Kubang', 'Homewood', 0, 63, 233),
  (259, '78011535276', 'Christy Riddles', 34, b'0', 'L9', 14, 'Brookside Elementary School', 'Kitui', '2000-03-31', 'Silvanus Ferrarello', '547 592 2108', 'Kenya', 'Plaza de Caisán', 'Jana', 0, 78131, NULL),
  (261, '78093714039', 'Danice Croad', 35, b'0', 'L10', 15, 'Elmwood Middle School', 'Auas', '2006-02-23', 'Tallie Rotge', '461 600 4142', 'Honduras', 'Bylym', 'Brentwood', 0, 66019, 235),
  (262, '78833867832', 'Annabell Gallally', 36, b'0', 'L11', 16, 'Cedarcrest Middle School', 'Zhijin', '2004-10-30', 'Denney Maylin', '426 252 6805', 'China', 'Baro Kunda', 'Shopko', 0, 609, NULL),
  (263, '78930693835', 'Letitia McGilleghole', 37, b'0', 'L12', 17, 'Chestnut Middle School', 'Pakembangan', '1999-07-11', 'Meade Jouen', '980 789 5864', 'Indonesia', 'Alvand', 'Fremont', 0, 86, 237),
  (264, '70877822118', 'Ezequiel Threlkeld', 38, b'0', 'L13', 18, 'Sunset Elementary School', 'Babakankalong', '2002-04-23', 'Dredi Kuhnwald', '693 439 4308', 'Indonesia', 'Fenglin', 'Northport', 0, 23, NULL),
  (265, '73476937603', 'Katleen North', 39, b'0', 'L14', 19, 'Laurelwood Elementary School', 'Essen', '2005-05-30', 'Lamond Bouldon', '490 874 5818', 'Germany', 'Hội An', 'Eagan', 45149, 2451, 239),
  (266, '76539961496', 'Joane Lowles', 40, b'0', 'L15', 20, 'Meadowbrook Elementary School', 'Tenri', '2004-06-02', 'Baudoin de Keyser', '914 502 5672', 'Japan', 'Codajás', 'Shelley', 639, 8338, NULL),
  (267, '73591769019', 'Kippy Jales', 41, b'0', 'L16', 1, 'Meadowbrook Elementary School', 'Changzheng', '1999-03-16', 'Kamila Desmond', '268 678 7703', 'China', 'Tangyu', 'Center', 0, 9557, 241),
  (268, '71493339930', 'Linda Simoni', 42, b'0', 'L17', 2, 'Meadowbrook Elementary School', 'Zhonglong', '2006-11-20', 'Blithe Sturrock', '654 469 0615', 'China', 'Velizh', 'Fieldstone', 0, 826, NULL),
  (269, '71463262301', 'Junette Keelin', 43, b'0', 'L18', 3, 'Forest Hills Middle School', 'Youkounkoun', '2002-12-13', 'Janeta Sherer', '406 589 6727', 'Guinea', 'Okuta', 'Rusk', 0, 88599, 243),
  (271, '75003102977', 'Benoit Egell', 44, b'0', 'L19', 4, 'Parkside High School', 'Águas Formosas', '2001-10-10', 'Adler Moreinis', '233 409 4171', 'Brazil', 'Szemud', 'Waubesa', 39880, 64, NULL),
  (272, '77271961618', 'Alayne Collingwood', 45, b'0', 'L20', 5, 'Mountainview High School', 'Malhão', '2003-07-25', 'Jeana Biasini', '797 415 1348', 'Portugal', 'Khodasy', 'Lotheville', 8150, 3, 245),
  (273, '79876629022', 'Der Halbert', 46, b'0', 'L21', 6, 'Crestview High School', 'Escada', '2002-04-06', 'Stinky Szepe', '601 937 9845', 'Brazil', 'Burgau', 'Toban', 55500, 0, NULL),
  (274, '77303214914', 'Saleem O''Keevan', 47, b'0', 'L22', 7, 'Greenfield Middle School', 'Qozonketkan', '2007-02-21', 'Hazel Marjot', '366 417 0536', 'Uzbekistan', 'Krong Pi Nang', 'Dottie', 0, 23, 247),
  (275, '70069205587', 'Emilia Swatridge', 48, b'0', 'L23', 8, 'Pinehill High School', 'Belén Gualcho', '2006-01-19', 'Vilhelmina Dulton', '265 434 6489', 'Honduras', 'Berëza', 'Beilfuss', 0, 388, NULL),
  (276, '74372924211', 'Lynette Coopman', 49, b'0', 'L24', 9, 'Pinehill High School', 'Liancheng', '2003-10-28', 'Leta Meltetal', '366 203 4607', 'China', 'Qixia', 'Loomis', 0, 619, 249),
  (277, '78506074510', 'Carlina Roscow', 50, b'0', 'L25', 10, 'Parkview Elementary School', 'Ribeira Seca', '2007-12-13', 'Hyacinthia Kiehnlt', '348 336 9788', 'Portugal', 'København', 'Bay', 9600, 5583, NULL),
  (278, '71958849380', 'Oliy Adamiak', 51, b'1', 'F1', 11, 'Forestbrook Elementary School', 'Babakanbandung', '1999-12-05', 'Gawain Glowinski', '521 360 1556', 'Indonesia', 'Ipu', 'Eliot', 0, 78, 251),
  (279, '70157864792', 'Rodolfo Cases', 52, b'1', 'F2', 12, 'Woodland Elementary School', 'Pamotan', '2000-03-19', 'Jobie Jessen', '897 768 9319', 'Indonesia', 'Cileueur', 'Ridgeview', 0, 99, NULL),
  (281, '71158407797', 'Kala Shovel', 53, b'1', 'F3', 13, 'Pinehill High School', 'Shibetsu', '2000-10-16', 'Fidelio Scrimshaw', '628 740 3368', 'Japan', 'Xinxu', 'Donald', 370, 9242, 253),
  (282, '71119040170', 'Flinn Pantling', 54, b'1', 'F4', 14, 'Green Valley High School', 'Zagreb - Centar', '2006-08-29', 'Janith Nunnery', '747 499 6251', 'Croatia', 'Holma', 'Fisk', 10020, 31315, NULL),
  (283, '76478214364', 'Clementius Dy', 55, b'1', 'F5', 15, 'Hillside High School', 'Černošín', '1999-05-01', 'Janelle Rowlstone', '262 284 2176', 'Czech Republic', 'Omurtag', 'Spaight', 349, 2914, 255),
  (284, '74125110043', 'Bronny Grizard', 56, b'1', 'F6', 16, 'Springfield Elementary School', 'Morelos', '2002-11-23', 'Morganica Brownstein', '390 358 5596', 'Mexico', '5 de Mayo', 'David', 62577, 84, NULL),
  (285, '76073818722', 'Sherie Bazeley', 57, b'1', 'F7', 17, 'Sunnydale High School', 'Balally', '2007-08-18', 'Joana Emmott', '875 493 9070', 'Ireland', 'El Almendro', 'Linden', 0, 1751, 257),
  (286, '71409514527', 'Wolfy Eveling', 58, b'1', 'F8', 18, 'Forest Hills Middle School', 'Nagasaki-shi', '2003-01-03', 'Isa Hamshar', '439 158 6946', 'Japan', 'Muramatsu', 'Ramsey', 852, 83345, NULL),
  (287, '76822627392', 'Willi Roffe', 59, b'1', 'F9', 19, 'Parkview Elementary School', 'Zawiya', '2007-03-13', 'Bethany Ettles', '249 210 1392', 'Libya', 'Örebro', 'Sommers', 0, 2, 259),
  (288, '73010862569', 'Kristen Pickvance', 60, b'1', 'F10', 20, 'Meadowbrook Elementary School', 'Luyi', '2001-08-08', 'Guillaume Seagar', '545 281 0362', 'China', 'Nowy Tomyśl', 'Prairieview', 0, 5, NULL),
  (289, '72470498002', 'Bertina Dabbes', 61, b'1', 'F11', 1, 'Oakwood Middle School', 'Tešanj', '1999-06-08', 'Mahalia Tick', '164 257 4968', 'Bosnia and Herzegovina', 'Argostólion', 'Kenwood', 0, 99061, 261),
  (291, '75789524484', 'Johnathan Grayley', 62, b'1', 'F12', 2, 'Sunnyslope Middle School', 'Yambol', '2002-08-18', 'Doll Ledington', '927 600 5094', 'Bulgaria', 'Bachuan', 'Ridgeway', 8600, 88, NULL),
  (292, '74637192866', 'Cointon Legen', 63, b'1', 'F13', 3, 'Sunnyside Middle School', 'Campurrejo', '2005-03-18', 'Beltran Djorevic', '956 876 9124', 'Indonesia', 'Bakalang', 'La Follette', 0, 3, 263),
  (293, '77002601575', 'Dasya Cane', 64, b'1', 'F14', 4, 'Maplewood Elementary School', 'Oslo', '2006-08-24', 'Giuseppe Shailer', '362 900 6399', 'Norway', 'Himeji', 'Meadow Ridge', 264, 627, NULL),
  (294, '74814718488', 'Natalina Paddy', 65, b'1', 'F15', 5, 'Oakwood Middle School', 'Póvoa do Valado', '2007-07-25', 'Dosi Gaynsford', '562 309 1732', 'Portugal', 'Sumuragung', 'Petterle', 3810, 61032, 265),
  (295, '71761266906', 'Morganica Zink', 66, b'1', 'F16', 6, 'Birchwood Elementary School', 'Bulualto', '2007-06-29', 'Scot Storrie', '985 753 2485', 'Philippines', 'Pillpinto', 'Marquette', 2307, 13, NULL),
  (296, '74741530193', 'Wendie Keelinge', 67, b'1', 'F17', 7, 'Hillcrest Middle School', 'Koźmin Wielkopolski', '2001-09-04', 'Tadeas Deppe', '583 872 1542', 'Poland', 'Qianshan', 'Judy', 63, 35, 267),
  (297, '77910773242', 'Danya Linch', 68, b'1', 'F18', 8, 'Sunnyside Middle School', 'Agidel’', '2003-01-08', 'Arvy Wiffield', '659 908 1454', 'Russia', 'Linton', 'Lake View', 452941, 801, NULL),
  (298, '70823780189', 'Courtenay Feldmesser', 69, b'1', 'F19', 9, 'Crestview High School', 'Changxing', '2005-01-14', 'Paolina Neely', '247 882 3994', 'China', 'Turan', 'Ohio', 0, 73, 269),
  (299, '77506570595', 'Almire Hamments', 70, b'1', 'F20', 10, 'Sunnydale High School', 'Abelheira', '1999-03-16', 'Nolie Delia', '490 985 7533', 'Portugal', 'Pirca', 'Farragut', 2530, 84677, NULL),
  (301, '72396625675', 'Binni Sjollema', 71, b'1', 'F21', 11, 'Forest Hills Middle School', 'Mesyagutovo', '2004-06-18', 'Amelina Sawter', '557 454 4680', 'Russia', 'Pop Shahri', 'Scofield', 452815, 481, 271),
  (302, '74839554994', 'Dusty Steane', 72, b'1', 'F22', 12, 'Oakridge Middle School', 'Quzhou', '2004-09-08', 'Web Murton', '177 784 0944', 'China', 'Figueira dos Cavaleiros', 'Farragut', 0, 77, NULL),
  (303, '77319984047', 'Davey Sarra', 73, b'1', 'F23', 13, 'Elmwood Middle School', 'Mainang', '2004-10-13', 'Tallulah Buttfield', '369 714 4461', 'Indonesia', 'Mentougou', 'Hansons', 0, 6646, 273),
  (304, '78520034130', 'Oralla Mugridge', 74, b'1', 'F24', 14, 'Pinecrest Elementary School', 'Celica', '2007-01-09', 'Octavia Hartley', '669 709 1724', 'Ecuador', 'Mindyak', 'Anderson', 0, 32, NULL),
  (305, '76739642239', 'Ursulina Alonso', 75, b'1', 'F25', 15, 'School Name', 'Glasgow', '2007-01-14', 'Kip Mation', '944 116 3715', 'United Kingdom', 'Krajan', 'Cordelia', 0, 9613, 275),
  (306, '77888993765', 'Berty Rosekilly', 76, b'1', 'F1', 16, 'Birchwood Elementary School', 'Urechcha', '2006-10-06', 'Teddi Douche', '214 605 1122', 'Belarus', 'Tongliao', 'Lerdahl', 0, 33155, NULL),
  (307, '72427102103', 'Nicol Maccree', 77, b'1', 'F2', 17, 'Oakridge Middle School', 'Rešetari', '1999-12-17', 'Silva Lamberti', '647 544 8196', 'Croatia', 'Krajan Sale', 'Hoepker', 35403, 38, 277),
  (308, '79834124962', 'Audrey Peachman', 78, b'1', 'F3', 18, 'Cedar Hill Elementary School', 'Garagoa', '2006-05-23', 'Leonanie Da Costa', '773 392 8741', 'Colombia', 'Assis', 'Crescent Oaks', 152867, 478, NULL),
  (309, '76687155991', 'Marcellina Doche', 79, b'1', 'F4', 19, 'Sunnydale High School', 'Nazaré da Mata', '2003-05-25', 'Zandra Dove', '491 785 0209', 'Brazil', 'Caseros', 'Rutledge', 55800, 3743, 279),
  (311, '77853779920', 'Ester Trower', 80, b'1', 'F5', 20, 'Crestview High School', 'El Valle del Espíritu Santo', '2002-12-28', 'Josey Handman', '192 869 2236', 'Venezuela', 'Ballyhaunis', 'Fulton', 0, 1, NULL),
  (312, '71181676834', 'Michel Braley', 81, b'1', 'F6', 1, 'Oakridge Middle School', 'Karangduren Dua', '2006-08-29', 'Codi Gartery', '204 407 0642', 'Indonesia', 'Galaz', 'Boyd', 0, 5, 281),
  (313, '75260550767', 'Lynnelle Osselton', 82, b'1', 'F7', 2, 'Crestview High School', 'Ma’an', '2005-04-13', 'Sloan Tallis', '510 927 8371', 'China', 'Melbourne', 'Di Loreto', 0, 587, NULL),
  (314, '70505001237', 'Mead Scarth', 83, b'1', 'F8', 3, 'Springdale Elementary School', 'Casilda', '2007-12-16', 'Ethel Ingamells', '763 944 0382', 'Argentina', 'Fujishiro', 'New Castle', 2170, 67621, 283),
  (315, '71627111138', 'Emmott Catterill', 84, b'1', 'F9', 4, 'Meadowlark Middle School', 'Islamey', '2007-03-02', 'Jozef Label', '709 411 1177', 'Russia', 'Koz’modem’yansk', 'Lunder', 361538, 6280, NULL),
  (316, '76848254270', 'Kali Franssen', 85, b'1', 'F10', 5, 'Elmwood Middle School', 'Vizal San Pablo', '2007-02-21', 'Eveline Splevins', '663 268 1803', 'Philippines', 'Krenggan', 'Quincy', 3010, 96863, 285),
  (317, '78951815422', 'Meryl Shrimpling', 86, b'1', 'F11', 6, 'Maplehurst High School', 'Cinunjang', '2005-11-21', 'Griselda Petkens', '139 337 7881', 'Indonesia', 'Azul', 'Melody', 0, 656, NULL),
  (318, '76194384319', 'Jessika Hellewell', 87, b'1', 'F12', 7, 'Lakeview High School', 'Concordia', '2004-04-29', 'Tobi Munt', '539 446 4202', 'Peru', 'Nobres', 'Katie', 0, 271, 287),
  (319, '79659722077', 'Merle Endicott', 88, b'1', 'F13', 8, 'Green Valley High School', 'Saint-Priest-en-Jarez', '1999-10-16', 'Roma Tradewell', '309 332 2017', 'France', 'København', 'Sutteridge', 42275, 7930, NULL),
  (321, '75378893835', 'Kristofor Mailes', 89, b'1', 'F14', 9, 'Sunnyslope Middle School', 'Granada', '2000-06-28', 'Pierce Gadsden', '128 551 1283', 'Spain', 'Panaoti', 'Porter', 18015, 68119, 289),
  (322, '75626448233', 'Rita Elverstone', 90, b'1', 'F15', 10, 'Cedar Hill Elementary School', 'Kebunan', '2000-04-26', 'Chryste Mead', '999 813 8292', 'Indonesia', 'Montélimar', 'Manufacturers', 0, 6290, NULL),
  (323, '79206952600', 'Lorrie Edds', 91, b'1', 'F16', 11, 'Meadowbrook Elementary School', 'Del Valle', '2000-10-21', 'Peter Halpine', '940 299 8916', 'Mexico', 'Tengqiao', 'Dapin', 92125, 80854, 291),
  (324, '71027229789', 'Deanna Muckloe', 92, b'1', 'F17', 12, 'Lakeview High School', 'Reims', '2001-06-07', 'Karel Crambie', '836 247 6139', 'France', 'København', 'Nelson', 51054, 3, NULL),
  (325, '71932511584', 'Faulkner Wix', 93, b'1', 'F18', 13, 'Parkview Elementary School', 'Okegawa', '2007-01-20', 'Delmor Rennison', '587 956 2664', 'Japan', 'Sumbersarikrajan', 'Crowley', 365, 0, 293),
  (326, '72242932159', 'Effie Lappine', 94, b'1', 'F19', 14, 'Riverside High School', 'Borovo', '1999-05-15', 'Sigrid Chattoe', '948 836 7338', 'Bulgaria', 'Mingjiu', 'La Follette', 7119, 829, NULL),
  (327, '76845432579', 'Estele Turtle', 95, b'1', 'F20', 15, 'Parkside High School', 'Truskolasy', '2007-06-27', 'Eugenio Bonifacio', '776 413 0002', 'Poland', 'Banyuurip', 'Lillian', 42, 6327, 295),
  (328, '76166457253', 'Britt Banham', 96, b'1', 'F21', 16, 'Elmwood Middle School', 'Monywa', '2002-05-07', 'Kanya Jerrems', '706 595 7111', 'Myanmar', 'Itatinga', 'Eastwood', 0, 1489, NULL),
  (329, '72892753385', 'Dannie Dunkinson', 97, b'1', 'F22', 17, 'Sunset Elementary School', 'Vokhaïkó', '2003-08-09', 'Katy Castanaga', '458 522 0720', 'Greece', 'T’aebaek', 'Mccormick', 0, 57765, 297),
  (331, '74651492781', 'Jonis Powner', 98, b'1', 'F23', 18, 'Maplewood Elementary School', 'Bolboc', '2007-02-07', 'Felita Wileman', '384 598 6026', 'Philippines', 'Tubuhue', 'Vermont', 1128, 9875, NULL),
  (332, '71451405505', 'Renard Fennell', 99, b'1', 'F24', 19, 'Springdale Elementary School', 'Kadusimbar', '1999-07-03', 'Jourdain Lillegard', '292 921 7226', 'Indonesia', 'Hà Đông', 'Logan', 0, 67, 299),
  (333, '74225802686', 'Pia Janjusevic', 100, b'1', 'F25', 20, 'Elmridge Middle School', 'Kerek', '2001-10-10', 'Park Feldharker', '276 919 2692', 'Indonesia', 'Maoping', 'Donald', 0, 12925, NULL),
  (334, '79637628169', 'Wallis Saladine', 1, b'0', 'L1', 1, 'Forest Hills Middle School', 'Quebo', '2006-04-06', 'Rozalin Gianulli', '498 203 8316', 'Guinea-Bissau', 'Toumodi', 'International', 0, 36, 301),
  (335, '79785412428', 'Othello Anthoine', 2, b'0', 'L2', 2, 'Crestview High School', 'Sima', '1999-12-25', 'Jannel Ibbotson', '762 897 5490', 'Comoros', 'Rakek', 'Truax', 0, 66, NULL),
  (336, '72609341333', 'Pren Cromblehome', 3, b'0', 'L3', 3, 'Riverside High School', 'Clarin', '2007-04-07', 'Edvard Giurio', '461 705 0609', 'Philippines', 'Naberezhnyye Chelny', 'Crescent Oaks', 7201, 5, 303),
  (337, '76505392880', 'Gabrila Pratte', 4, b'0', 'L4', 4, 'Woodridge Middle School', 'Pisang', '2006-03-10', 'Anallise Dabes', '769 753 6613', 'Indonesia', 'Macedo de Cavaleiros', 'Sunbrook', 0, 15, NULL),
  (338, '75269913100', 'Lidia Stepto', 5, b'0', 'L5', 5, 'Hillside High School', 'Kafr Dān', '2003-09-14', 'Kristan Ashwell', '547 964 7467', 'Palestinian Territory', 'Mendeleyevo', 'Nancy', 0, 2458, 305),
  (339, '74024567389', 'Fern Pulsford', 6, b'0', 'L6', 6, 'Oakridge Middle School', 'Licun', '2006-12-20', 'Rudyard Leafe', '911 495 0277', 'China', 'Pedra', 'Utah', 0, 2, NULL),
  (341, '71487171457', 'Auria Frounks', 7, b'0', 'L7', 7, 'Springfield Elementary School', 'Roxas', '2001-11-04', 'Eden Cruces', '969 329 1055', 'Philippines', 'San José de Cusmapa', 'Mariners Cove', 7102, 0, 307),
  (342, '75014041029', 'Anjanette Moon', 8, b'0', 'L8', 8, 'Chestnut Middle School', 'Daji', '2004-05-17', 'Lari Werlock', '464 695 4495', 'China', 'Barvinkove', 'Welch', 0, 7, NULL),
  (343, '74927411759', 'Ernaline Kingaby', 9, b'0', 'L9', 9, 'Forest Hills Middle School', 'Trubchevsk', '2004-08-29', 'Ozzie Blondell', '891 704 7682', 'Russia', 'Ketanen', 'Pond', 242251, 978, 309),
  (344, '73634888713', 'Feliza Wilbor', 10, b'0', 'L10', 10, 'Hillside High School', 'Perushtitsa', '2004-12-10', 'Ragnar Walder', '589 104 1107', 'Bulgaria', 'Los Angeles', 'Katie', 4225, 9478, NULL),
  (345, '70759839664', 'Addi Pothergill', 11, b'0', 'L11', 11, 'Parkside High School', 'Wanfu', '2003-02-26', 'Bonnibelle Brothwood', '695 842 4537', 'China', 'Évora', 'Warbler', 0, 5, 311),
  (346, '78323559153', 'Enriqueta Kayzer', 12, b'0', 'L12', 12, 'Birchwood Elementary School', 'Xiejiatan', '1999-10-21', 'Dyanne Trusler', '718 874 0965', 'China', 'Lavadorinhos', 'Raven', 0, 89, NULL),
  (347, '78560522911', 'Mathilda Swaisland', 13, b'0', 'L13', 13, 'Lakeview High School', 'Watodei', '2005-08-23', 'Jermaine De Ambrosis', '774 938 2739', 'Indonesia', 'Utrecht (stad)', 'Heath', 0, 76, 313),
  (348, '73549009749', 'Raul Walford', 14, b'0', 'L14', 14, 'Riverdale Elementary School', 'Yuanjiazhuang', '2007-09-19', 'Tamara Gammage', '762 300 3980', 'China', 'Samayac', 'Claremont', 0, 914, NULL),
  (349, '71019740587', 'Alyss Badger', 15, b'0', 'L15', 15, 'Sunnydale High School', 'Xilaiqiao', '2001-07-21', 'Braden Sinderson', '569 639 1050', 'China', 'Tanshan', 'Cambridge', 0, 580, 315),
  (351, '76876723385', 'Matthiew Slemmonds', 16, b'0', 'L16', 16, 'Willowdale High School', 'Jinshan', '2005-01-28', 'Nedda Annell', '774 865 1426', 'China', 'Izyaslav', 'Bellgrove', 0, 47, NULL),
  (352, '70876604769', 'Leia Legan', 17, b'0', 'L17', 17, 'Brookside High School', 'Wudui', '2003-01-05', 'King Mugford', '607 820 7540', 'China', 'Naawan', 'Dennis', 0, 26574, 317),
  (353, '75898994779', 'Kenneth Mallalieu', 18, b'0', 'L18', 18, 'Oakridge Middle School', 'Bystra', '2007-02-24', 'Rasla Castella', '455 891 4687', 'Poland', 'Buaran', 'Grasskamp', 34, 639, NULL),
  (354, '71004608663', 'Alasdair Louder', 19, b'0', 'L19', 19, 'Mountainview High School', 'Izhmorskiy', '2002-01-21', 'Giorgio Mitie', '782 332 8698', 'Russia', 'Okakarara', 'Pankratz', 652120, 7109, 319),
  (355, '77054914728', 'Saxe Goodrich', 20, b'0', 'L20', 20, 'Elmridge Middle School', 'Pieńsk', '2005-05-16', 'Allistir Huelin', '461 363 5828', 'Poland', 'Lökbatan', 'Veith', 59, 3, NULL),
  (356, '78479756887', 'Horst McMichan', 21, b'0', 'L21', 1, 'Oakwood Middle School', 'Dolní Sloupnice', '2004-10-27', 'Vinnie Cushworth', '649 545 1670', 'Czech Republic', 'Pisan', 'Menomonie', 565, 3863, 321),
  (357, '70637313625', 'Nana Graundisson', 22, b'0', 'L22', 2, 'Oakwood Middle School', 'Zhuyeping', '1999-09-09', 'Tracy Cabrera', '731 506 4418', 'China', 'Yaguaraparo', 'East', 0, 94, NULL),
  (358, '70097146692', 'Shermie Loomis', 23, b'0', 'L23', 3, 'School Name', 'Masalovka', '1999-06-30', 'Andriana Pilmer', '634 210 5186', 'Russia', 'Gračanica', 'Shoshone', 347837, 2136, 323),
  (359, '74138114568', 'Shayla Gouley', 24, b'0', 'L24', 4, 'Green Valley High School', 'Tekes', '2005-12-03', 'Worthy Douty', '993 313 2051', 'China', 'Marston', 'Mockingbird', 0, 7544, NULL),
  (361, '79607096368', 'Kaylee Fredi', 25, b'0', 'L25', 5, 'Cedar Hill Elementary School', 'Bacacay', '2002-07-05', 'Niels Armer', '640 789 0771', 'Philippines', 'Skövde', 'Fairview', 905, 8, 325),
  (362, '72265814668', 'Averil Holstein', 26, b'0', 'L1', 6, 'Springwood Elementary School', 'Lundazi', '2002-08-27', 'Gladys Galilee', '210 317 2952', 'Zambia', 'Shuntian', 'Marcy', 0, 4699, NULL),
  (363, '75580350997', 'Sanderson Cushion', 27, b'0', 'L2', 7, 'Oakridge Middle School', 'Lobatse', '2007-12-05', 'Hinze Ivy', '113 309 6171', 'Botswana', 'Sargatskoye', 'Dorton', 0, 21, 327),
  (364, '76647499474', 'Constantine Mougeot', 28, b'0', 'L3', 8, 'Parkside High School', 'Gubuk Daya', '2006-08-22', 'Uriel Balogh', '413 780 9882', 'Indonesia', 'Binjiang', 'Eastwood', 0, 626, NULL),
  (365, '73609829480', 'Laina Aronoff', 29, b'0', 'L4', 9, 'Springwood Elementary School', 'Panguipulli', '1999-10-10', 'Felizio Reddle', '632 729 4962', 'Chile', 'Gościeradów', 'Forest', 0, 8770, 329),
  (366, '78352232821', 'Krystyna Spurr', 30, b'0', 'L5', 10, 'Maplewood Elementary School', 'Petrolina', '2004-01-17', 'Calhoun Matussevich', '600 887 2046', 'Brazil', 'Nobeoka', 'Hintze', 56300, 58, NULL),
  (367, '77877057761', 'Annadiane Ciani', 31, b'0', 'L6', 11, 'Parkside High School', 'Iogach', '2004-07-03', 'Renee Keaves', '758 119 9817', 'Russia', 'Rusocice', 'Jana', 649154, 88, 331),
  (368, '77498896966', 'Shelly Frift', 32, b'0', 'L7', 12, 'Birchwood Elementary School', 'Kalangala', '2001-02-25', 'Kayley Spacy', '990 132 4254', 'Uganda', 'Pohbango', 'Fairview', 0, 5599, NULL),
  (369, '73726872450', 'Elisha Dahlberg', 33, b'0', 'L8', 13, 'Riverbend Elementary School', 'Ambato', '2004-12-02', 'Fiann Durdy', '360 588 0641', 'Ecuador', 'Annacotty', 'Old Gate', 0, 36658, 333),
  (371, '72061125928', 'Filberte McElrea', 34, b'0', 'L9', 14, 'Woodridge Middle School', 'Kwikila', '2004-02-23', 'Merissa Tume', '759 491 9756', 'Papua New Guinea', 'Oslo', 'Orin', 0, 5, NULL),
  (372, '74601688862', 'Renato Cogzell', 35, b'0', 'L10', 15, 'Lakeside High School', 'Rochester', '2000-03-29', 'Jorge Vergo', '585 474 8065', 'United States', 'Xirikxiy', 'Kings', 14683, 88179, 335),
  (373, '70161994246', 'Luisa Coppens', 36, b'0', 'L11', 16, 'Oakridge Middle School', 'Baisha', '2006-03-05', 'Tull McDoual', '440 137 6804', 'China', 'Seversk', 'Oakridge', 0, 50273, NULL),
  (374, '74917992353', 'Erek L''Episcopi', 37, b'0', 'L12', 17, 'Meadowbrook Elementary School', 'Canedo', '2005-07-24', 'Natty Louthe', '688 142 9751', 'Portugal', 'Göteborg', 'Brickson Park', 4525, 741, 337),
  (375, '76300343409', 'Thorsten Gascone', 38, b'0', 'L13', 18, 'Pinehill High School', 'Usatove', '2007-10-30', 'Cordelie Marshal', '958 477 9132', 'Ukraine', 'Sernovodsk', 'Gateway', 0, 83, NULL),
  (376, '78187136083', 'Davon Ammer', 39, b'0', 'L14', 19, 'Riverdale Elementary School', 'Sanxi', '2002-02-09', 'Denny Boldero', '458 335 3924', 'China', 'Songbo', '3rd', 0, 63, 339),
  (377, '70917996314', 'Winna Maddra', 40, b'0', 'L15', 20, 'Oakwood Middle School', 'Bolikhan', '2002-08-26', 'Rowland Joliffe', '763 916 1586', 'Laos', 'Oslo', 'Schmedeman', 0, 4145, NULL),
  (378, '71350303317', 'Miquela Sinnett', 41, b'0', 'L16', 1, 'Forest Hills Middle School', 'Třemošnice', '2003-07-07', 'Ranee Ablott', '382 786 1205', 'Czech Republic', 'Jujur', 'Moose', 538, 6, 341),
  (379, '74296894227', 'Bev Grigolon', 42, b'0', 'L17', 2, 'Sunnydale High School', 'Besançon', '2006-08-07', 'Ax Bock', '991 218 2370', 'France', 'Hamamatsu', 'Nobel', 25024, 902, NULL),
  (381, '72659499531', 'Jere Jonsson', 43, b'0', 'L18', 3, 'Meadowbrook Elementary School', 'Manchioneal', '2003-09-29', 'Ryon Ure', '432 712 5101', 'Jamaica', 'Vänersborg', 'Anzinger', 0, 20589, 343),
  (382, '79183907491', 'Breanne Larn', 44, b'0', 'L19', 4, 'Forest Hills Middle School', 'Kivsharivka', '1999-08-21', 'Marketa Balentyne', '756 928 7043', 'Ukraine', 'Berbera', 'Moulton', 0, 68, NULL),
  (383, '77253878181', 'Clarey Eliyahu', 45, b'0', 'L20', 5, 'Brookside Elementary School', 'Kill', '2006-05-04', 'Nikolos Gilbank', '630 329 8406', 'Ireland', 'Venda Nova', 'Randy', 0, 1899, 345),
  (384, '73999067941', 'Danny Mcimmie', 46, b'0', 'L21', 6, 'Forest Hills Middle School', 'Beaung Tengah', '2005-07-10', 'Clari O''Dowling', '207 633 8548', 'Indonesia', 'Changning', 'Susan', 0, 78, NULL),
  (385, '76809009036', 'Appolonia Crotty', 47, b'0', 'L22', 7, 'Greenfield Middle School', 'Dalududalu', '1999-08-27', 'Tootsie Hurran', '198 111 9012', 'Indonesia', 'Albufeira', 'Thierer', 0, 6733, 347),
  (386, '73202987925', 'Brooks Patnelli', 48, b'0', 'L23', 8, 'Green Valley High School', 'Fenkeng', '2003-02-04', 'Shermy Lemmens', '255 631 4031', 'China', 'Yukuriawat', 'Dayton', 0, 6886, NULL),
  (387, '73087340406', 'Elle Cuphus', 49, b'0', 'L24', 9, 'Pinecrest Elementary School', 'Bocana de Paiwas', '2000-05-15', 'Janos Richfield', '831 338 1171', 'Nicaragua', 'Mýki', 'Canary', 0, 70, 349),
  (388, '79842635982', 'Zonda Vinnicombe', 50, b'0', 'L25', 10, 'Parkview Elementary School', 'Oesapa', '2003-03-26', 'Lesley Sirr', '869 999 1799', 'Indonesia', 'Estique', 'Nancy', 0, 1627, NULL),
  (389, '78639231668', 'Alfi Durtnal', 51, b'1', 'F1', 11, 'Springdale Elementary School', 'Żernica', '2007-07-12', 'Moina Zucker', '645 982 8420', 'Poland', 'Bensonville', 'Spohn', 44, 0, 351),
  (391, '71537107177', 'Marlowe Janoschek', 52, b'1', 'F2', 12, 'Riverside High School', 'Cherbourg-Octeville', '2007-04-06', 'Lanae Davidofski', '614 819 4713', 'France', 'Courtaboeuf', 'Prairie Rose', 50109, 480, NULL),
  (392, '70653533867', 'Chryste Corkel', 53, b'1', 'F3', 13, 'Meadowlark Middle School', 'Terek', '2001-07-09', 'Basia Joust', '695 245 3992', 'Russia', 'Liuxia', 'Algoma', 361203, 5600, 353),
  (393, '73327809733', 'Beaufort Stanislaw', 54, b'1', 'F4', 14, 'Parkside High School', 'Delicias', '2007-12-10', 'Elna Milner', '904 786 5018', 'Venezuela', 'Guomaying', 'Melrose', 0, 746, NULL),
  (394, '71426486422', 'Christoph Palethorpe', 55, b'1', 'F5', 15, 'Riverbend Elementary School', 'Farroupilha', '2000-03-24', 'Noelle McDell', '113 973 8065', 'Brazil', 'Gaojiazhuang', 'Center', 95180, 63, 355),
  (395, '76807553681', 'Florella Wardhough', 56, b'1', 'F6', 16, 'Maplehurst High School', 'Houmen', '2007-10-16', 'Bettine Bartelli', '138 300 5078', 'China', 'Lobos', 'Hanson', 0, 21319, NULL),
  (396, '76701602256', 'Kassi Hadgkiss', 57, b'1', 'F7', 17, 'Willowdale High School', 'Tsagaan-Owoo', '2006-06-04', 'Estrellita Firle', '270 328 0170', 'Mongolia', 'Buzen', 'Schiller', 0, 39, 357),
  (397, '76839427318', 'Sonnnie Joiris', 58, b'1', 'F8', 18, 'Pinecrest Elementary School', 'Karano', '2005-03-06', 'Jenda Slee', '395 192 6647', 'Indonesia', 'Jishan', 'Farragut', 0, 8486, NULL),
  (398, '73474750671', 'Matthiew Wastling', 59, b'1', 'F9', 19, 'Sunset Elementary School', 'Hedi', '2005-11-01', 'Cole Petren', '197 749 9081', 'China', 'Gemuruh', 'Schiller', 0, 9823, 359),
  (399, '73528369813', 'Conny Gelardi', 60, b'1', 'F10', 20, 'Forestbrook Elementary School', 'Cinunjang', '2006-01-07', 'Annalise Duddell', '146 808 9002', 'Indonesia', 'Ushiku', 'Knutson', 0, 57, NULL),
  (401, '75666468050', 'Mandy Hannent', 61, b'1', 'F11', 1, 'Woodland Elementary School', 'Demuk', '2002-06-03', 'Madalyn Ramsdale', '278 425 0097', 'Indonesia', 'Fort Myers', 'Arapahoe', 0, 76, 361),
  (402, '76312427193', 'Efrem Goodwell', 62, b'1', 'F12', 2, 'Springdale Elementary School', 'Roissy Charles-de-Gaulle', '2002-05-31', 'Rochelle Ferrero', '104 262 8649', 'France', 'Qiandeng', 'Bowman', 95959, 2029, NULL),
  (403, '78600340586', 'Emyle Roakes', 63, b'1', 'F13', 3, 'Parkview Elementary School', 'Vårgårda', '2000-03-05', 'Adah Klimontovich', '634 798 4829', 'Sweden', 'Tahala', 'Lawn', 447, 78176, 363),
  (404, '74839787334', 'Sharyl Budge', 64, b'1', 'F14', 4, 'Springwood Elementary School', 'Leskovac', '2005-04-17', 'Carree Rushmare', '898 317 7439', 'Serbia', 'Synya', '6th', 0, 67001, NULL),
  (405, '77211918833', 'Jarrad Ash', 65, b'1', 'F15', 5, 'Springfield Elementary School', 'Kozyatyn', '2001-11-02', 'Agneta Houtbie', '779 875 1696', 'Ukraine', 'Byuravan', 'Mesta', 0, 29, 365),
  (406, '78961316789', 'Julienne Dudmesh', 66, b'1', 'F16', 6, 'Springfield Elementary School', 'Tuupovaara', '2004-08-28', 'Ianthe Chadwell', '748 521 9753', 'Finland', 'Żarki-Letnisko', 'Pearson', 82730, 6864, NULL),
  (407, '76262315137', 'Esther Lelliott', 67, b'1', 'F17', 7, 'Cedarcrest Middle School', 'Houjiagang', '2006-02-06', 'Debi Erlam', '755 433 9477', 'China', 'Siemiatycze', 'Mifflin', 0, 0, 367),
  (408, '70458284048', 'Enriqueta Gange', 68, b'1', 'F18', 8, 'Pinehill High School', 'Bujumbura', '2000-04-12', 'Lynda McLellan', '759 923 5112', 'Burundi', 'Asunción', 'Bartelt', 0, 418, NULL),
  (409, '70153770918', 'Scarlet Orrock', 69, b'1', 'F19', 9, 'Greenfield Middle School', 'Guchang', '2003-09-05', 'Bat Washbrook', '583 316 3660', 'China', 'Huichang', 'Wayridge', 0, 10157, 369),
  (411, '77214358012', 'Banky Burchard', 70, b'1', 'F20', 10, 'Meadowbrook Elementary School', 'Lunas', '2005-03-22', 'Romona Doerling', '554 249 0048', 'Philippines', 'Lashma', 'Bayside', 6324, 28, NULL),
  (412, '70545901712', 'Lowrance Josuweit', 71, b'1', 'F21', 11, 'Lakeview High School', 'Santo Domingo Este', '2000-03-21', 'Huberto Nehls', '777 273 6686', 'Dominican Republic', 'Orichi', 'Stuart', 11806, 9397, 371),
  (413, '74744966434', 'Brook Dallaghan', 72, b'1', 'F22', 12, 'Lakeside High School', 'Carazinho', '2007-02-16', 'Harlie Avramchik', '268 355 5009', 'Brazil', 'Baizhang', 'Rusk', 99500, 79427, NULL),
  (414, '77371585312', 'Zak Passie', 73, b'1', 'F23', 13, 'Pinehill High School', 'Cijeungjing Kaler', '2002-12-25', 'Bary Dakin', '393 809 0856', 'Indonesia', 'Ijuw', 'Springview', 0, 57125, 373),
  (415, '71972331792', 'Esme Piers', 74, b'1', 'F24', 14, 'Oakridge Middle School', 'Mayantoc', '1999-08-09', 'Kellsie McTurlough', '983 465 2142', 'Philippines', 'Xiumei', 'Mendota', 2304, 7, NULL),
  (416, '78238856298', 'Daphne Mee', 75, b'1', 'F25', 15, 'Chestnut Middle School', 'Karbinci', '2000-07-09', 'Cindelyn Eilers', '416 678 0654', 'Macedonia', 'Calape', '4th', 2207, 8, 375),
  (417, '79976765585', 'Adriana Gehringer', 76, b'1', 'F1', 16, 'Riverside High School', 'Padej', '2005-06-05', 'Gearalt Schiell', '330 547 8520', 'Serbia', 'Lama', 'Tomscot', 0, 720, NULL),
  (418, '75649960190', 'Jeanette Besse', 77, b'1', 'F2', 17, 'Birchwood Elementary School', 'Oshnavīyeh', '2005-08-13', 'Susanna Duling', '542 534 6525', 'Iran', 'Shenshu', 'Eastwood', 0, 0, 377),
  (419, '71034280098', 'Giffy Lamanby', 78, b'1', 'F3', 18, 'Parkside High School', 'Zhangdian', '2003-08-02', 'Willow Beckworth', '395 912 9082', 'China', 'Changling', 'Hovde', 0, 402, NULL),
  (421, '70751476958', 'Ernestus Lince', 79, b'1', 'F4', 19, 'Mountain View High School', 'Xingpinglu', '2004-12-23', 'Dorree Mowatt', '646 318 1607', 'China', 'Eg', 'Carberry', 0, 8549, 379),
  (422, '76119622975', 'Liane Seddon', 80, b'1', 'F5', 20, 'Lakeside High School', 'Bua Yai', '1999-03-24', 'Jude Conyard', '580 761 3137', 'Thailand', 'Satte', 'Mifflin', 30120, 7, NULL),
  (423, '71558205337', 'Eada Sainer', 81, b'1', 'F6', 1, 'Woodridge Middle School', 'Brusyliv', '2005-09-20', 'Giralda Stearndale', '884 879 9547', 'Ukraine', 'Rio Covo', 'Arrowood', 0, 90, 381),
  (424, '73505307008', 'Carlee Munroe', 82, b'1', 'F7', 2, 'Brookside Elementary School', 'Depapre', '2001-11-01', 'Alfonso Brendel', '465 641 1278', 'Indonesia', 'Dniprovka', 'Express', 0, 24, NULL),
  (425, '73426781348', 'Jean Grayshon', 83, b'1', 'F8', 3, 'Valley View Middle School', 'Kota Kinabalu', '2002-10-08', 'Tomkin Tommasetti', '302 961 4989', 'Malaysia', 'Uthal', 'Annamark', 88628, 77, 383),
  (426, '77406041540', 'Toinette Alessandone', 84, b'1', 'F9', 4, 'Lakeside High School', 'Kotabunan', '2007-03-12', 'Merrel Rosone', '296 933 2905', 'Indonesia', 'Tunjuk Selatan', 'Waxwing', 0, 94, NULL),
  (427, '77935006046', 'Lyda Huge', 85, b'1', 'F10', 5, 'Meadowbrook Elementary School', 'Skarżysko-Kamienna', '2001-06-01', 'Raoul Tripean', '472 111 2896', 'Poland', 'Kivijärvi', 'Mifflin', 26, 8470, 385),
  (428, '73804014538', 'Peggy Byart', 86, b'1', 'F11', 6, 'Sunnydale High School', 'Cape Town', '2006-03-11', 'Babbette Shilladay', '620 879 7170', 'South Africa', 'Palmeira', 'Crescent Oaks', 8160, 2, NULL),
  (429, '77403950548', 'Yorker Aggis', 87, b'1', 'F12', 7, 'Birchwood Elementary School', 'Luoxiong', '2002-03-12', 'Keary Bushrod', '280 696 1306', 'China', 'Venëv', 'Jenna', 0, 5414, 387),
  (431, '74065362572', 'Samaria Coventon', 88, b'1', 'F13', 8, 'Mountainview High School', 'Barra de Carrasco', '2001-09-10', 'Mead Eagleton', '819 792 9262', 'Uruguay', 'Bang Pakong', 'Talmadge', 0, 25, NULL),
  (432, '77063541126', 'Ramonda Braley', 89, b'1', 'F14', 9, 'Crestview High School', 'Kacha', '2001-02-24', 'Rosanne Luciani', '659 847 4590', 'Ukraine', 'General Galarza', 'Meadow Valley', 0, 2, 389),
  (433, '75164021209', 'Hilary Lehrmann', 90, b'1', 'F15', 10, 'Woodland Elementary School', 'Hezheng Chengguanzhen', '2006-08-29', 'Adolphus Toleman', '289 343 6714', 'China', 'Parajara', 'Pierstorff', 0, 34253, NULL),
  (434, '78503951860', 'Eveleen Huddlestone', 91, b'1', 'F16', 11, 'Elmwood Middle School', 'An Naşr', '2006-07-12', 'Dinah Maykin', '599 595 4542', 'Palestinian Territory', 'Bořitov', 'Dexter', 0, 99573, 391),
  (435, '79500441338', 'Colas Walaron', 92, b'1', 'F17', 12, 'Springwood Elementary School', 'Huangze', '2003-07-19', 'Nicolis Norcliff', '428 466 4245', 'China', 'Bankim', 'Vernon', 0, 96772, NULL),
  (436, '70788834162', 'Jamaal Francello', 93, b'1', 'F18', 13, 'Elmwood Middle School', 'Embarcación', '2001-07-09', 'Bret Kruse', '372 665 8420', 'Argentina', 'Loúros', 'Washington', 4550, 15, 393),
  (437, '73480492203', 'Leann Bagge', 94, b'1', 'F19', 14, 'Elmwood Middle School', 'Lin’an', '2006-11-17', 'Marcel Oxe', '331 446 0288', 'China', 'Ivot', 'Rieder', 0, 70335, NULL),
  (438, '72872600531', 'Clarance Cassius', 95, b'1', 'F20', 15, 'Sunset Elementary School', 'Terentang', '2002-04-25', 'Saul Vest', '749 859 0827', 'Indonesia', 'Shido', 'Summerview', 0, 278, 395),
  (439, '74175864462', 'Cori Eldered', 96, b'1', 'F21', 16, 'Woodland Elementary School', 'Polowat', '2002-08-15', 'Laurena Congram', '458 963 4260', 'Micronesia', 'Halmstad', 'Lakewood Gardens', 0, 481, NULL),
  (441, '74081669686', 'Holly-anne Wray', 97, b'1', 'F22', 17, 'Lakeview High School', 'El Refugio', '2005-08-04', 'Blinni Hoodlass', '234 654 6300', 'Mexico', 'Pitai', 'Homewood', 45310, 17, 397),
  (442, '79987096263', 'Tamma Marushak', 98, b'1', 'F23', 18, 'Maplewood Elementary School', 'Montbéliard', '2005-07-07', 'Crysta Upham', '475 640 2880', 'France', 'Daqin Tal', 'Spenser', 25215, 37147, NULL),
  (443, '73797855771', 'Ambrose Kilday', 99, b'1', 'F24', 19, 'Green Valley High School', 'Maxiao', '2006-07-03', 'Alix Shale', '778 666 7273', 'China', 'Lijia', 'Anhalt', 0, 755, 399),
  (444, '77559589226', 'Justin Duxbarry', 100, b'1', 'F25', 20, 'Riverside High School', 'Ngawi', '2002-02-04', 'Fernande Mazillius', '255 457 0192', 'Indonesia', 'Bassano', 'Cody', 0, 43327, NULL),
  (445, '79819326158', 'Tris Macieiczyk', 1, b'0', 'L1', 1, 'Meadowbrook Elementary School', 'Tongshanxiang', '2004-08-03', 'Domenico Bengtsen', '325 481 7963', 'China', 'Yelizavetinskoye', 'Monument', 0, 2620, 401),
  (446, '76025861030', 'Austin Redd', 2, b'0', 'L2', 2, 'Parkview Elementary School', 'Fuxing', '2007-07-31', 'Zollie Ranby', '370 766 6880', 'China', 'Kan’onjichō', 'Sauthoff', 0, 91, NULL),
  (447, '73391683202', 'Mada Tapp', 3, b'0', 'L3', 3, 'Springwood Elementary School', 'Iza', '2007-03-26', 'Rosene Norfolk', '937 362 7170', 'Ukraine', 'Rotterdam postbusnummers', 'Hanson', 0, 8829, 403),
  (448, '71123194100', 'Sergei Klausen', 4, b'0', 'L4', 4, 'Greenfield Middle School', 'Manicaragua', '2004-07-20', 'Eleanor Sunnex', '839 756 6057', 'Cuba', 'Heshe', 'Cherokee', 0, 179, NULL),
  (449, '79200620178', 'Marice Sheers', 5, b'0', 'L5', 5, 'Brookside High School', 'Chengtian', '2001-04-25', 'Carma Scopes', '594 431 7340', 'China', 'Libuganon', 'Sage', 0, 75744, 405),
  (451, '71944702013', 'Gussy Pattison', 6, b'0', 'L6', 6, 'Brookside Elementary School', 'Kitale', '2001-06-02', 'Rafe Santora', '370 932 3236', 'Kenya', 'Slovenj Gradec', 'Glacier Hill', 0, 71, NULL),
  (452, '70067836336', 'Klarika Meenan', 7, b'0', 'L7', 7, 'Birchwood Elementary School', 'Marteleira', '2005-09-08', 'Ertha Woffenden', '177 440 6233', 'Portugal', 'Fahraj', 'Thackeray', 2530, 7284, 407),
  (453, '75030235148', 'Patrick Zini', 8, b'0', 'L8', 8, 'Brookside Elementary School', 'Lutun', '2000-05-25', 'Anne-corinne Madgett', '545 139 0196', 'China', 'Campamento', 'Artisan', 0, 38, NULL),
  (454, '74593123553', 'Yance Shulver', 9, b'0', 'L9', 9, 'Riverdale Elementary School', 'Dasol', '2003-06-08', 'Estrella Staff', '487 400 0741', 'Philippines', 'Hongtian', 'Manley', 2411, 4, 409),
  (455, '72902625995', 'Bel Clearie', 10, b'0', 'L10', 10, 'Lakeside High School', 'Hongqi Yingzi', '2007-11-15', 'Waylan Gillaspy', '665 457 6624', 'China', 'Massakory', 'Green Ridge', 0, 895, NULL),
  (456, '79168077215', 'Win Dewfall', 11, b'0', 'L11', 11, 'Sunset Elementary School', 'Petawawa', '2001-12-10', 'Whitney Endrici', '129 119 4156', 'Canada', 'Shuanghe', 'Artisan', 0, 21778, 411),
  (457, '78298210206', 'Beaufort Jarry', 12, b'0', 'L12', 12, 'Springfield Elementary School', 'Kushar', '2004-07-13', 'Sibyl Huckster', '279 362 6095', 'Yemen', 'Ampatuan', 'Manley', 0, 24771, NULL),
  (458, '70793477570', 'Poppy Shedd', 13, b'0', 'L13', 13, 'Valley View Middle School', 'Lin’an', '2006-10-03', 'Sebastian Wones', '334 926 8397', 'China', 'Kemuning', 'Anthes', 0, 94, 413),
  (459, '75994152971', 'Nissa Creany', 14, b'0', 'L14', 14, 'Forestbrook Elementary School', 'Bambari', '2006-10-18', 'Adelaida Dillway', '827 100 3031', 'Central African Republic', 'Permas', 'Stone Corner', 0, 38007, NULL),
  (461, '74710801360', 'Ariana Hallibone', 15, b'0', 'L15', 15, 'Cedar Hill Elementary School', 'Shibganj', '1999-07-18', 'Orazio More', '756 926 5555', 'Bangladesh', 'Shuanglong', 'Graceland', 2231, 16, 415),
  (462, '77689636747', 'Carol Madigan', 16, b'0', 'L16', 16, 'Hillside High School', 'Luftinjë', '2007-09-18', 'Jessamyn Cruden', '438 777 6663', 'Albania', 'Mozhaysk', 'Scofield', 0, 348, NULL),
  (463, '70374400822', 'Matias Winspeare', 17, b'0', 'L17', 17, 'Springwood Elementary School', 'Obolensk', '1999-12-18', 'Menard Besemer', '227 407 7766', 'Russia', 'Espinheira', 'Burrows', 142279, 8424, 417),
  (464, '71663074621', 'Ivar Paulsson', 18, b'0', 'L18', 18, 'Valley View Middle School', 'Doña Remedios Trinidad', '2005-05-20', 'Sella Godbehere', '926 468 8745', 'Philippines', 'Sydney', 'Katie', 3009, 1, NULL),
  (465, '70760862739', 'Gillie Waliszek', 19, b'0', 'L19', 19, 'Willowdale High School', 'Ulster Spring', '2007-02-12', 'Jori Kloser', '842 896 0637', 'Jamaica', 'Olympia', 'Oak', 0, 61806, 419),
  (466, '73856245788', 'Rollins Dive', 20, b'0', 'L20', 20, 'Elmridge Middle School', 'Morelos', '1999-08-09', 'Allard Stephenson', '633 938 2833', 'Mexico', 'Drahichyn', 'Linden', 93820, 76940, NULL),
  (467, '74014105292', 'Dwayne Schukert', 21, b'0', 'L21', 1, 'Meadowbrook Elementary School', 'Phanom Sarakham', '2000-03-21', 'Dorisa Bradburne', '743 473 0072', 'Thailand', 'Bingfang', 'Carey', 24120, 398, 421),
  (468, '79680740620', 'Ezekiel Jamieson', 22, b'0', 'L22', 2, 'Crestview High School', 'Châteaudun', '2005-06-09', 'Edlin O'' Dornan', '870 758 9800', 'France', 'Árgos', 'Nobel', 28205, 92, NULL),
  (469, '79518183335', 'Tabbatha Danielski', 23, b'0', 'L23', 3, 'Birchwood Elementary School', 'Smithers', '2003-11-07', 'Marcellus Spirritt', '537 502 6188', 'Canada', 'Akure', 'Clemons', 0, 465, 423),
  (471, '73128058865', 'Artus Itzkov', 24, b'0', 'L24', 4, 'Riverside High School', 'Guaranda', '2004-11-11', 'Winston Kingswoode', '290 426 5264', 'Ecuador', 'Dongguang', 'Dennis', 0, 58132, NULL),
  (472, '73193082169', 'Sharity Lean', 25, b'0', 'L25', 5, 'Valley View Middle School', 'Independencia', '2001-02-07', 'Tammy Archley', '179 549 4164', 'Mexico', 'Kokkári', 'Burning Wood', 56617, 1, 425),
  (473, '74269867663', 'Cammy Blondin', 26, b'0', 'L1', 6, 'Green Valley High School', 'Novki', '2007-04-27', 'Costanza Medford', '267 298 2318', 'Russia', 'Botucatu', 'Donald', 601340, 202, NULL),
  (474, '76420497210', 'Garreth Burbank', 27, b'0', 'L2', 7, 'Pinecrest Elementary School', 'Monte Agudo', '2006-03-20', 'Cordey Grumley', '631 662 2421', 'Portugal', 'Jiazhuang', 'Hanson', 2425, 5, 427),
  (475, '71369829281', 'Berkly Waldocke', 28, b'0', 'L3', 8, 'Springfield Elementary School', 'Lutou', '2002-01-14', 'Dill Prescot', '449 356 5909', 'China', 'Huimin', 'Grayhawk', 0, 0, NULL),
  (476, '74301569408', 'Kandy Toal', 29, b'0', 'L4', 9, 'Woodland Elementary School', 'Boshof', '2004-06-28', 'Vernon McKissack', '336 978 0957', 'South Africa', 'Xilian', 'New Castle', 8340, 1965, 429),
  (477, '78030987196', 'Jourdain Perch', 30, b'0', 'L5', 10, 'Elmwood Middle School', 'Libenge', '2004-01-20', 'Kevan Oran', '481 341 3292', 'Democratic Republic of the Congo', 'Cam Ranh', 'Darwin', 0, 6, NULL),
  (478, '70171005980', 'Clo Ackroyd', 31, b'0', 'L6', 11, 'Riverbend Elementary School', 'San José de Colinas', '2005-01-31', 'Skippie Robertsson', '449 994 1749', 'Honduras', 'Xiaheqing', 'Porter', 0, 85, 431),
  (479, '76822416591', 'Tallou O''Quin', 32, b'0', 'L7', 12, 'Woodridge Middle School', 'Klimontów', '2002-06-16', 'Eartha Pyzer', '110 771 5091', 'Poland', 'Changjiang', 'Kingsford', 32, 9, NULL),
  (481, '78466530694', 'Xavier Tegler', 33, b'0', 'L8', 13, 'Sunset Elementary School', 'Rimbo', '2000-08-31', 'Greta Burtwell', '547 775 9162', 'Sweden', 'Liuli', 'Swallow', 762, 28, 433),
  (482, '74972635287', 'Kenneth Sellan', 34, b'0', 'L9', 14, 'Sunset Elementary School', 'Ouagadougou', '2003-08-02', 'Alonso Goscar', '661 229 9410', 'Burkina Faso', 'Linglong', 'Luster', 0, 730, NULL),
  (483, '76411029583', 'Petunia Bushell', 35, b'0', 'L10', 15, 'Forestbrook Elementary School', 'Sosnovaya Polyana', '2000-02-20', 'Valry Dalgarnowch', '914 920 8714', 'Russia', 'Gio Linh', 'Cordelia', 182157, 6, 435),
  (484, '77426186919', 'Catherine Shard', 36, b'0', 'L11', 16, 'Green Valley High School', 'Riberalta', '2007-07-18', 'Arty McCloughlin', '871 853 8116', 'Bolivia', 'Borkowice', 'Jenna', 0, 99640, NULL),
  (485, '76948236611', 'Nikolia Mucillo', 37, b'0', 'L12', 17, 'Cedarcrest Middle School', 'Libertad', '2002-02-12', 'Troy Corington', '898 665 7343', 'Mexico', 'Hetoudian', 'Graceland', 83450, 0, 437),
  (486, '71622395631', 'Seumas Michelin', 38, b'0', 'L13', 18, 'Hillcrest Middle School', 'Dowan', '2000-03-31', 'Isidro Daggett', '236 151 4877', 'Indonesia', 'Bielice', 'Leroy', 0, 76689, NULL),
  (487, '74251692950', 'Merilee Ell', 39, b'0', 'L14', 19, 'Elmridge Middle School', 'Serikbuya', '2007-04-06', 'Glyn Banaszkiewicz', '513 533 8592', 'China', 'Henggouqiao', 'Eastwood', 0, 72, 439),
  (488, '77906625234', 'Lenka Haddleton', 40, b'0', 'L15', 20, 'Meadowbrook Elementary School', 'Liangwangzhuang', '2004-12-06', 'Wynn Collinette', '551 832 6003', 'China', 'Rizokárpaso', 'Weeping Birch', 0, 33, NULL),
  (489, '76657107173', 'Morse Massot', 41, b'0', 'L16', 1, 'Oakwood Middle School', 'Krikil', '2007-07-27', 'Reuven Pietzke', '396 882 8612', 'Indonesia', 'Gaoping', 'Old Gate', 0, 89, 441),
  (491, '76152689024', 'Llywellyn Caccavari', 42, b'0', 'L17', 2, 'Pinehill High School', 'Xianglan', '2004-03-10', 'Yuri Minguet', '386 239 0112', 'China', 'Fatukanutu', 'Oneill', 0, 0, NULL),
  (492, '70009189310', 'Ashli Matas', 43, b'0', 'L18', 3, 'Riverdale Elementary School', 'Mhango', '2000-07-04', 'Gare Fulham', '866 498 2477', 'Tanzania', 'Shuangxi', 'Brentwood', 0, 0, 443),
  (493, '73023685798', 'Letti Glaze', 44, b'0', 'L19', 4, 'Sunset Elementary School', 'Kyjov', '2005-03-25', 'Sonny Monni', '210 378 5119', 'Czech Republic', 'Kuroiso', 'Montana', 592, 42967, NULL),
  (494, '78360539227', 'Barclay de Chastelain', 45, b'0', 'L20', 5, 'Sunnydale High School', 'Kiruna', '2007-03-11', 'Ashby Ernshaw', '480 750 5777', 'Sweden', 'Eirol', 'Morning', 981, 914, 445),
  (495, '72792613321', 'Roderick Stanfield', 46, b'0', 'L21', 6, 'Meadowbrook Elementary School', 'Rudnichnyy', '2001-06-22', 'Nevin Skentelbery', '264 209 7606', 'Russia', 'Zverevo', '1st', 307505, 9241, NULL),
  (496, '75865440142', 'Shayla Common', 47, b'0', 'L22', 7, 'Brookside High School', 'Tazarine', '2000-10-19', 'Dulcie Bohlin', '371 546 2629', 'Morocco', 'Shenwan', 'Norway Maple', 0, 69145, 447),
  (497, '70196771296', 'Helenelizabeth Coultish', 48, b'0', 'L23', 8, 'Parkview Elementary School', 'Chigan', '2007-12-05', 'Bryon Styan', '340 474 4890', 'China', 'Capitán Bado', 'Rutledge', 0, 713, NULL),
  (498, '76265410531', 'Shaw Malatalant', 49, b'0', 'L24', 9, 'Oakridge Middle School', 'Sinubong', '1999-11-21', 'Georgine Roft', '870 335 5781', 'Philippines', 'Dongjiao', 'Havey', 1711, 4, 449),
  (499, '74838347780', 'Lexine Bosomworth', 50, b'0', 'L25', 10, 'Elmridge Middle School', 'Timiryazevskoye', '2004-04-12', 'Jude Britland', '729 165 9273', 'Russia', 'Wolofeo', 'Kennedy', 634510, 76, NULL);

INSERT INTO mandatory_program_types (`TypeID`, `Topic`, `RID`, `TUID`) VALUES
  (1, 'nunc viverra dapibus', 107, 10),
  (2, 'orci mauris', 159, 20),
  (3, 'nulla', 102, 30),
  (4, 'amet cursus', 120, 40),
  (5, 'est', 278, 50),
  (6, 'sit amet', 216, 60),
  (7, 'nulla', 291, 70),
  (8, 'morbi non quam', 213, 80),
  (9, 'nulla eget eros', 156, 90),
  (10, 'interdum in ante', 141, 100),
  (11, 'pellentesque viverra pede', 269, 110),
  (12, 'nascetur ridiculus', 135, 120),
  (13, 'donec ut dolor', 259, 130),
  (14, 'nullam sit', 132, 140),
  (15, 'in tempus sit', 217, 150),
  (16, 'faucibus orci luctus', 285, 160),
  (17, 'tristique', 205, 170),
  (18, 'quis tortor', 266, 180),
  (19, 'porta volutpat quam', 104, 190),
  (20, 'in', 291, 200),
  (21, 'donec dapibus', 222, 210),
  (22, 'lorem quisque', 238, 220),
  (23, 'augue luctus tincidunt', 126, 230),
  (24, 'vulputate nonummy', 216, 240),
  (25, 'felis ut', 120, 250),
  (26, 'suspendisse', 297, 260),
  (27, 'dictumst aliquam augue', 194, 270),
  (28, 'vel ipsum', 249, 280),
  (29, 'donec diam neque', 220, 290),
  (30, 'odio in hac', 247, 300),
  (31, 'tellus', 171, 310),
  (32, 'in lectus', 155, 320),
  (33, 'sed tristique', 152, 330),
  (34, 'sapien sapien non', 166, 340),
  (35, 'eu tincidunt', 206, 350),
  (36, 'lorem ipsum', 186, 360),
  (37, 'lobortis ligula sit', 245, 370),
  (38, 'laoreet', 278, 380),
  (39, 'id', 250, 390),
  (40, 'blandit lacinia erat', 179, 400),
  (41, 'ligula suspendisse ornare', 244, 410),
  (42, 'aenean auctor', 237, 420),
  (43, 'mauris laoreet', 241, 430),
  (44, 'varius integer ac', 100, 440),
  (45, 'orci pede', 190, 450),
  (46, 'vestibulum', 205, 460),
  (47, 'donec quis', 254, 470),
  (48, 'semper', 263, 480),
  (49, 'dapibus augue', 254, 490),
  (50, 'integer', 289, 500),
  (51, 'nibh', 236, 10),
  (52, 'molestie sed justo', 206, 20),
  (53, 'morbi porttitor lorem', 146, 30),
  (54, 'sed', 210, 40),
  (55, 'ligula nec sem', 250, 50),
  (56, 'cursus urna', 159, 60),
  (57, 'feugiat', 138, 70),
  (58, 'orci', 208, 80),
  (59, 'lorem id', 261, 90),
  (60, 'maecenas tristique est', 274, 100),
  (61, 'aliquet pulvinar sed', 116, 110),
  (62, 'enim leo', 299, 120),
  (63, 'justo', 140, 130),
  (64, 'convallis morbi odio', 291, 140),
  (65, 'quis augue luctus', 150, 150),
  (66, 'vivamus vestibulum', 138, 160),
  (67, 'tortor id nulla', 187, 170),
  (68, 'turpis eget elit', 246, 180),
  (69, 'sollicitudin ut', 144, 190),
  (70, 'odio', 229, 200),
  (71, 'amet', 183, 210),
  (72, 'etiam', 115, 220),
  (73, 'amet lobortis', 112, 230),
  (74, 'nec nisi', 191, 240),
  (75, 'lacus morbi', 144, 250),
  (76, 'nonummy', 234, 260),
  (77, 'congue risus', 254, 270),
  (78, 'in leo maecenas', 169, 280),
  (79, 'dui luctus', 199, 290),
  (80, 'mauris morbi non', 234, 300),
  (81, 'faucibus', 108, 310),
  (82, 'orci', 150, 320),
  (83, 'luctus', 193, 330),
  (84, 'at diam nam', 154, 340),
  (85, 'duis faucibus accumsan', 197, 350),
  (86, 'sagittis dui', 243, 360),
  (87, 'in', 261, 370),
  (88, 'eget rutrum', 278, 380),
  (89, 'lectus', 215, 390),
  (90, 'vestibulum ac', 127, 400),
  (91, 'pellentesque', 123, 410),
  (92, 'curae mauris viverra', 117, 420),
  (93, 'congue vivamus metus', 132, 430),
  (94, 'pretium', 254, 440),
  (95, 'curabitur convallis duis', 144, 450),
  (96, 'lectus aliquam', 285, 460),
  (97, 'ante vestibulum', 223, 470),
  (98, 'in ante vestibulum', 229, 480),
  (99, 'sed', 137, 490),
  (100, 'purus', 257, 500);

INSERT INTO mandatory_programs (`ID`, `TypeID`, `Date`, `ClassID`, `Lesson`, `Length`) VALUES
  (1, 69, ADDDATE(CURDATE(), 0), 1, 0, 1),
  (2, 95, ADDDATE(CURDATE(), 0), 2, 0, 1),
  (3, 88, ADDDATE(CURDATE(), 0), 3, 0, 1),
  (4, 3, ADDDATE(CURDATE(), 0), 4, 0, 1),
  (5, 69, ADDDATE(CURDATE(), 0), 5, 0, 1),
  (6, 22, ADDDATE(CURDATE(), 0), 6, 0, 1),
  (7, 25, ADDDATE(CURDATE(), 0), 7, 0, 1),
  (8, 80, ADDDATE(CURDATE(), 0), 8, 0, 1),
  (9, 37, ADDDATE(CURDATE(), 0), 9, 0, 1),
  (10, 26, ADDDATE(CURDATE(), 0), 10, 0, 1),
  (11, 7, ADDDATE(CURDATE(), 0), 11, 0, 1),
  (12, 91, ADDDATE(CURDATE(), 0), 12, 0, 1),
  (13, 58, ADDDATE(CURDATE(), 0), 13, 0, 1),
  (14, 42, ADDDATE(CURDATE(), 0), 14, 0, 1),
  (15, 74, ADDDATE(CURDATE(), 0), 15, 0, 1),
  (16, 13, ADDDATE(CURDATE(), 0), 16, 0, 1),
  (17, 30, ADDDATE(CURDATE(), 0), 17, 0, 1),
  (18, 9, ADDDATE(CURDATE(), 0), 18, 0, 1),
  (19, 100, ADDDATE(CURDATE(), 0), 19, 0, 1),
  (20, 10, ADDDATE(CURDATE(), 0), 20, 0, 1),
  (21, 48, ADDDATE(CURDATE(), 0), 1, 1, 2),
  (22, 86, ADDDATE(CURDATE(), 0), 2, 1, 2),
  (23, 2, ADDDATE(CURDATE(), 0), 3, 1, 2),
  (24, 88, ADDDATE(CURDATE(), 0), 4, 1, 2),
  (25, 64, ADDDATE(CURDATE(), 0), 5, 1, 2),
  (26, 57, ADDDATE(CURDATE(), 0), 6, 1, 2),
  (27, 46, ADDDATE(CURDATE(), 0), 7, 1, 2),
  (28, 68, ADDDATE(CURDATE(), 0), 8, 1, 2),
  (29, 87, ADDDATE(CURDATE(), 0), 9, 1, 2),
  (30, 10, ADDDATE(CURDATE(), 0), 10, 1, 2),
  (31, 35, ADDDATE(CURDATE(), 0), 11, 1, 2),
  (32, 33, ADDDATE(CURDATE(), 0), 12, 1, 2),
  (33, 57, ADDDATE(CURDATE(), 0), 13, 1, 2),
  (34, 83, ADDDATE(CURDATE(), 0), 14, 1, 2),
  (35, 52, ADDDATE(CURDATE(), 0), 15, 1, 2),
  (36, 62, ADDDATE(CURDATE(), 0), 16, 1, 2),
  (37, 37, ADDDATE(CURDATE(), 0), 17, 1, 2),
  (38, 52, ADDDATE(CURDATE(), 0), 18, 1, 2),
  (39, 98, ADDDATE(CURDATE(), 0), 19, 1, 2),
  (40, 72, ADDDATE(CURDATE(), 0), 20, 1, 2),
  (41, 85, ADDDATE(CURDATE(), 0), 1, 3, 1),
  (42, 37, ADDDATE(CURDATE(), 0), 2, 3, 1),
  (43, 40, ADDDATE(CURDATE(), 0), 3, 3, 1),
  (44, 23, ADDDATE(CURDATE(), 0), 4, 3, 1),
  (45, 73, ADDDATE(CURDATE(), 0), 5, 3, 1),
  (46, 99, ADDDATE(CURDATE(), 0), 6, 3, 1),
  (47, 79, ADDDATE(CURDATE(), 0), 7, 3, 1),
  (48, 76, ADDDATE(CURDATE(), 0), 8, 3, 1),
  (49, 28, ADDDATE(CURDATE(), 0), 9, 3, 1),
  (50, 53, ADDDATE(CURDATE(), 0), 10, 3, 1),
  (51, 65, ADDDATE(CURDATE(), 0), 11, 3, 1),
  (52, 3, ADDDATE(CURDATE(), 0), 12, 3, 1),
  (53, 15, ADDDATE(CURDATE(), 0), 13, 3, 1),
  (54, 1, ADDDATE(CURDATE(), 0), 14, 3, 1),
  (55, 23, ADDDATE(CURDATE(), 0), 15, 3, 1),
  (56, 11, ADDDATE(CURDATE(), 0), 16, 3, 1),
  (57, 71, ADDDATE(CURDATE(), 0), 17, 3, 1),
  (58, 74, ADDDATE(CURDATE(), 0), 18, 3, 1),
  (59, 51, ADDDATE(CURDATE(), 0), 19, 3, 1),
  (60, 32, ADDDATE(CURDATE(), 0), 20, 3, 1),
  (61, 29, ADDDATE(CURDATE(), 0), 1, 4, 1),
  (62, 12, ADDDATE(CURDATE(), 0), 2, 4, 1),
  (63, 86, ADDDATE(CURDATE(), 0), 3, 4, 1),
  (64, 72, ADDDATE(CURDATE(), 0), 4, 4, 1),
  (65, 59, ADDDATE(CURDATE(), 0), 5, 4, 1),
  (66, 20, ADDDATE(CURDATE(), 0), 6, 4, 1),
  (67, 6, ADDDATE(CURDATE(), 0), 7, 4, 1),
  (68, 6, ADDDATE(CURDATE(), 0), 8, 4, 1),
  (69, 21, ADDDATE(CURDATE(), 0), 9, 4, 1),
  (70, 27, ADDDATE(CURDATE(), 0), 10, 4, 1),
  (71, 45, ADDDATE(CURDATE(), 0), 11, 4, 1),
  (72, 43, ADDDATE(CURDATE(), 0), 12, 4, 1),
  (73, 80, ADDDATE(CURDATE(), 0), 13, 4, 1),
  (74, 24, ADDDATE(CURDATE(), 0), 14, 4, 1),
  (75, 57, ADDDATE(CURDATE(), 0), 15, 4, 1),
  (76, 56, ADDDATE(CURDATE(), 0), 16, 4, 1),
  (77, 13, ADDDATE(CURDATE(), 0), 17, 4, 1),
  (78, 91, ADDDATE(CURDATE(), 0), 18, 4, 1),
  (79, 87, ADDDATE(CURDATE(), 0), 19, 4, 1),
  (80, 100, ADDDATE(CURDATE(), 0), 20, 4, 1),
  (81, 71, ADDDATE(CURDATE(), 1), 1, 0, 1),
  (82, 62, ADDDATE(CURDATE(), 1), 2, 0, 1),
  (83, 63, ADDDATE(CURDATE(), 1), 3, 0, 1),
  (84, 88, ADDDATE(CURDATE(), 1), 4, 0, 1),
  (85, 44, ADDDATE(CURDATE(), 1), 5, 0, 1),
  (86, 39, ADDDATE(CURDATE(), 1), 6, 0, 1),
  (87, 84, ADDDATE(CURDATE(), 1), 7, 0, 1),
  (88, 27, ADDDATE(CURDATE(), 1), 8, 0, 1),
  (89, 51, ADDDATE(CURDATE(), 1), 9, 0, 1),
  (90, 89, ADDDATE(CURDATE(), 1), 10, 0, 1),
  (91, 69, ADDDATE(CURDATE(), 1), 11, 0, 1),
  (92, 6, ADDDATE(CURDATE(), 1), 12, 0, 1),
  (93, 58, ADDDATE(CURDATE(), 1), 13, 0, 1),
  (94, 73, ADDDATE(CURDATE(), 1), 14, 0, 1),
  (95, 6, ADDDATE(CURDATE(), 1), 15, 0, 1),
  (96, 98, ADDDATE(CURDATE(), 1), 16, 0, 1),
  (97, 9, ADDDATE(CURDATE(), 1), 17, 0, 1),
  (98, 53, ADDDATE(CURDATE(), 1), 18, 0, 1),
  (99, 90, ADDDATE(CURDATE(), 1), 19, 0, 1),
  (100, 93, ADDDATE(CURDATE(), 1), 20, 0, 1),
  (101, 52, ADDDATE(CURDATE(), 1), 1, 1, 2),
  (102, 42, ADDDATE(CURDATE(), 1), 2, 1, 2),
  (103, 89, ADDDATE(CURDATE(), 1), 3, 1, 2),
  (104, 67, ADDDATE(CURDATE(), 1), 4, 1, 2),
  (105, 29, ADDDATE(CURDATE(), 1), 5, 1, 2),
  (106, 41, ADDDATE(CURDATE(), 1), 6, 1, 2),
  (107, 5, ADDDATE(CURDATE(), 1), 7, 1, 2),
  (108, 82, ADDDATE(CURDATE(), 1), 8, 1, 2),
  (109, 71, ADDDATE(CURDATE(), 1), 9, 1, 2),
  (110, 10, ADDDATE(CURDATE(), 1), 10, 1, 2),
  (111, 73, ADDDATE(CURDATE(), 1), 11, 1, 2),
  (112, 38, ADDDATE(CURDATE(), 1), 12, 1, 2),
  (113, 30, ADDDATE(CURDATE(), 1), 13, 1, 2),
  (114, 12, ADDDATE(CURDATE(), 1), 14, 1, 2),
  (115, 33, ADDDATE(CURDATE(), 1), 15, 1, 2),
  (116, 34, ADDDATE(CURDATE(), 1), 16, 1, 2),
  (117, 48, ADDDATE(CURDATE(), 1), 17, 1, 2),
  (118, 40, ADDDATE(CURDATE(), 1), 18, 1, 2),
  (119, 30, ADDDATE(CURDATE(), 1), 19, 1, 2),
  (120, 22, ADDDATE(CURDATE(), 1), 20, 1, 2),
  (121, 46, ADDDATE(CURDATE(), 1), 1, 3, 1),
  (122, 74, ADDDATE(CURDATE(), 1), 2, 3, 1),
  (123, 65, ADDDATE(CURDATE(), 1), 3, 3, 1),
  (124, 99, ADDDATE(CURDATE(), 1), 4, 3, 1),
  (125, 8, ADDDATE(CURDATE(), 1), 5, 3, 1),
  (126, 31, ADDDATE(CURDATE(), 1), 6, 3, 1),
  (127, 7, ADDDATE(CURDATE(), 1), 7, 3, 1),
  (128, 80, ADDDATE(CURDATE(), 1), 8, 3, 1),
  (129, 100, ADDDATE(CURDATE(), 1), 9, 3, 1),
  (130, 37, ADDDATE(CURDATE(), 1), 10, 3, 1),
  (131, 83, ADDDATE(CURDATE(), 1), 11, 3, 1),
  (132, 38, ADDDATE(CURDATE(), 1), 12, 3, 1),
  (133, 23, ADDDATE(CURDATE(), 1), 13, 3, 1),
  (134, 13, ADDDATE(CURDATE(), 1), 14, 3, 1),
  (135, 38, ADDDATE(CURDATE(), 1), 15, 3, 1),
  (136, 51, ADDDATE(CURDATE(), 1), 16, 3, 1),
  (137, 35, ADDDATE(CURDATE(), 1), 17, 3, 1),
  (138, 62, ADDDATE(CURDATE(), 1), 18, 3, 1),
  (139, 14, ADDDATE(CURDATE(), 1), 19, 3, 1),
  (140, 88, ADDDATE(CURDATE(), 1), 20, 3, 1),
  (141, 71, ADDDATE(CURDATE(), 1), 1, 4, 1),
  (142, 18, ADDDATE(CURDATE(), 1), 2, 4, 1),
  (143, 67, ADDDATE(CURDATE(), 1), 3, 4, 1),
  (144, 87, ADDDATE(CURDATE(), 1), 4, 4, 1),
  (145, 4, ADDDATE(CURDATE(), 1), 5, 4, 1),
  (146, 69, ADDDATE(CURDATE(), 1), 6, 4, 1),
  (147, 70, ADDDATE(CURDATE(), 1), 7, 4, 1),
  (148, 36, ADDDATE(CURDATE(), 1), 8, 4, 1),
  (149, 23, ADDDATE(CURDATE(), 1), 9, 4, 1),
  (150, 94, ADDDATE(CURDATE(), 1), 10, 4, 1),
  (151, 81, ADDDATE(CURDATE(), 1), 11, 4, 1),
  (152, 67, ADDDATE(CURDATE(), 1), 12, 4, 1),
  (153, 65, ADDDATE(CURDATE(), 1), 13, 4, 1),
  (154, 98, ADDDATE(CURDATE(), 1), 14, 4, 1),
  (155, 81, ADDDATE(CURDATE(), 1), 15, 4, 1),
  (156, 34, ADDDATE(CURDATE(), 1), 16, 4, 1),
  (157, 84, ADDDATE(CURDATE(), 1), 17, 4, 1),
  (158, 41, ADDDATE(CURDATE(), 1), 18, 4, 1),
  (159, 7, ADDDATE(CURDATE(), 1), 19, 4, 1),
  (160, 4, ADDDATE(CURDATE(), 1), 20, 4, 1),
  (161, 49, ADDDATE(CURDATE(), 2), 1, 0, 1),
  (162, 60, ADDDATE(CURDATE(), 2), 2, 0, 1),
  (163, 58, ADDDATE(CURDATE(), 2), 3, 0, 1),
  (164, 28, ADDDATE(CURDATE(), 2), 4, 0, 1),
  (165, 43, ADDDATE(CURDATE(), 2), 5, 0, 1),
  (166, 78, ADDDATE(CURDATE(), 2), 6, 0, 1),
  (167, 64, ADDDATE(CURDATE(), 2), 7, 0, 1),
  (168, 90, ADDDATE(CURDATE(), 2), 8, 0, 1),
  (169, 4, ADDDATE(CURDATE(), 2), 9, 0, 1),
  (170, 100, ADDDATE(CURDATE(), 2), 10, 0, 1),
  (171, 61, ADDDATE(CURDATE(), 2), 11, 0, 1),
  (172, 94, ADDDATE(CURDATE(), 2), 12, 0, 1),
  (173, 17, ADDDATE(CURDATE(), 2), 13, 0, 1),
  (174, 98, ADDDATE(CURDATE(), 2), 14, 0, 1),
  (175, 68, ADDDATE(CURDATE(), 2), 15, 0, 1),
  (176, 25, ADDDATE(CURDATE(), 2), 16, 0, 1),
  (177, 83, ADDDATE(CURDATE(), 2), 17, 0, 1),
  (178, 45, ADDDATE(CURDATE(), 2), 18, 0, 1),
  (179, 15, ADDDATE(CURDATE(), 2), 19, 0, 1),
  (180, 97, ADDDATE(CURDATE(), 2), 20, 0, 1),
  (181, 5, ADDDATE(CURDATE(), 2), 1, 1, 2),
  (182, 41, ADDDATE(CURDATE(), 2), 2, 1, 2),
  (183, 32, ADDDATE(CURDATE(), 2), 3, 1, 2),
  (184, 35, ADDDATE(CURDATE(), 2), 4, 1, 2),
  (185, 12, ADDDATE(CURDATE(), 2), 5, 1, 2),
  (186, 83, ADDDATE(CURDATE(), 2), 6, 1, 2),
  (187, 29, ADDDATE(CURDATE(), 2), 7, 1, 2),
  (188, 40, ADDDATE(CURDATE(), 2), 8, 1, 2),
  (189, 34, ADDDATE(CURDATE(), 2), 9, 1, 2),
  (190, 65, ADDDATE(CURDATE(), 2), 10, 1, 2),
  (191, 42, ADDDATE(CURDATE(), 2), 11, 1, 2),
  (192, 82, ADDDATE(CURDATE(), 2), 12, 1, 2),
  (193, 94, ADDDATE(CURDATE(), 2), 13, 1, 2),
  (194, 92, ADDDATE(CURDATE(), 2), 14, 1, 2),
  (195, 7, ADDDATE(CURDATE(), 2), 15, 1, 2),
  (196, 29, ADDDATE(CURDATE(), 2), 16, 1, 2),
  (197, 26, ADDDATE(CURDATE(), 2), 17, 1, 2),
  (198, 79, ADDDATE(CURDATE(), 2), 18, 1, 2),
  (199, 17, ADDDATE(CURDATE(), 2), 19, 1, 2),
  (200, 44, ADDDATE(CURDATE(), 2), 20, 1, 2),
  (201, 28, ADDDATE(CURDATE(), 2), 1, 3, 1),
  (202, 58, ADDDATE(CURDATE(), 2), 2, 3, 1),
  (203, 85, ADDDATE(CURDATE(), 2), 3, 3, 1),
  (204, 89, ADDDATE(CURDATE(), 2), 4, 3, 1),
  (205, 18, ADDDATE(CURDATE(), 2), 5, 3, 1),
  (206, 97, ADDDATE(CURDATE(), 2), 6, 3, 1),
  (207, 23, ADDDATE(CURDATE(), 2), 7, 3, 1),
  (208, 5, ADDDATE(CURDATE(), 2), 8, 3, 1),
  (209, 58, ADDDATE(CURDATE(), 2), 9, 3, 1),
  (210, 11, ADDDATE(CURDATE(), 2), 10, 3, 1),
  (211, 70, ADDDATE(CURDATE(), 2), 11, 3, 1),
  (212, 87, ADDDATE(CURDATE(), 2), 12, 3, 1),
  (213, 80, ADDDATE(CURDATE(), 2), 13, 3, 1),
  (214, 83, ADDDATE(CURDATE(), 2), 14, 3, 1),
  (215, 53, ADDDATE(CURDATE(), 2), 15, 3, 1),
  (216, 32, ADDDATE(CURDATE(), 2), 16, 3, 1),
  (217, 27, ADDDATE(CURDATE(), 2), 17, 3, 1),
  (218, 88, ADDDATE(CURDATE(), 2), 18, 3, 1),
  (219, 7, ADDDATE(CURDATE(), 2), 19, 3, 1),
  (220, 75, ADDDATE(CURDATE(), 2), 20, 3, 1),
  (221, 26, ADDDATE(CURDATE(), 2), 1, 4, 1),
  (222, 11, ADDDATE(CURDATE(), 2), 2, 4, 1),
  (223, 14, ADDDATE(CURDATE(), 2), 3, 4, 1),
  (224, 55, ADDDATE(CURDATE(), 2), 4, 4, 1),
  (225, 39, ADDDATE(CURDATE(), 2), 5, 4, 1),
  (226, 30, ADDDATE(CURDATE(), 2), 6, 4, 1),
  (227, 57, ADDDATE(CURDATE(), 2), 7, 4, 1),
  (228, 56, ADDDATE(CURDATE(), 2), 8, 4, 1),
  (229, 55, ADDDATE(CURDATE(), 2), 9, 4, 1),
  (230, 90, ADDDATE(CURDATE(), 2), 10, 4, 1),
  (231, 57, ADDDATE(CURDATE(), 2), 11, 4, 1),
  (232, 45, ADDDATE(CURDATE(), 2), 12, 4, 1),
  (233, 74, ADDDATE(CURDATE(), 2), 13, 4, 1),
  (234, 65, ADDDATE(CURDATE(), 2), 14, 4, 1),
  (235, 77, ADDDATE(CURDATE(), 2), 15, 4, 1),
  (236, 4, ADDDATE(CURDATE(), 2), 16, 4, 1),
  (237, 73, ADDDATE(CURDATE(), 2), 17, 4, 1),
  (238, 61, ADDDATE(CURDATE(), 2), 18, 4, 1),
  (239, 85, ADDDATE(CURDATE(), 2), 19, 4, 1),
  (240, 23, ADDDATE(CURDATE(), 2), 20, 4, 1);

INSERT INTO crossings (`ID`, `UID`, `Direction`, `Time`) VALUES
  (1, 8, b'1', ADDDATE(ADDDATE(CURDATE(), -10), INTERVAL 30 MINUTE)),
  (2, 309, b'1', ADDDATE(ADDDATE(CURDATE(), -10), INTERVAL 60 MINUTE)),
  (3, 429, b'1', ADDDATE(ADDDATE(CURDATE(), -10), INTERVAL 90 MINUTE)),
  (4, 381, b'1', ADDDATE(ADDDATE(CURDATE(), -10), INTERVAL 120 MINUTE)),
  (5, 153, b'1', ADDDATE(ADDDATE(CURDATE(), -10), INTERVAL 150 MINUTE)),
  (6, 416, b'1', ADDDATE(ADDDATE(CURDATE(), -10), INTERVAL 180 MINUTE)),
  (7, 220, b'1', ADDDATE(ADDDATE(CURDATE(), -10), INTERVAL 210 MINUTE)),
  (8, 421, b'1', ADDDATE(ADDDATE(CURDATE(), -10), INTERVAL 240 MINUTE)),
  (9, 72, b'1', ADDDATE(ADDDATE(CURDATE(), -10), INTERVAL 270 MINUTE)),
  (10, 257, b'1', ADDDATE(ADDDATE(CURDATE(), -10), INTERVAL 300 MINUTE)),
  (11, 167, b'1', ADDDATE(ADDDATE(CURDATE(), -10), INTERVAL 330 MINUTE)),
  (12, 36, b'1', ADDDATE(ADDDATE(CURDATE(), -10), INTERVAL 360 MINUTE)),
  (13, 264, b'1', ADDDATE(ADDDATE(CURDATE(), -10), INTERVAL 390 MINUTE)),
  (14, 379, b'1', ADDDATE(ADDDATE(CURDATE(), -10), INTERVAL 420 MINUTE)),
  (15, 493, b'1', ADDDATE(ADDDATE(CURDATE(), -10), INTERVAL 450 MINUTE)),
  (16, 140, b'1', ADDDATE(ADDDATE(CURDATE(), -10), INTERVAL 480 MINUTE)),
  (17, 32, b'1', ADDDATE(ADDDATE(CURDATE(), -10), INTERVAL 510 MINUTE)),
  (18, 351, b'1', ADDDATE(ADDDATE(CURDATE(), -10), INTERVAL 540 MINUTE)),
  (19, 278, b'1', ADDDATE(ADDDATE(CURDATE(), -10), INTERVAL 570 MINUTE)),
  (20, 490, b'1', ADDDATE(ADDDATE(CURDATE(), -10), INTERVAL 600 MINUTE)),
  (21, 45, b'1', ADDDATE(ADDDATE(CURDATE(), -10), INTERVAL 630 MINUTE)),
  (22, 75, b'1', ADDDATE(ADDDATE(CURDATE(), -10), INTERVAL 660 MINUTE)),
  (23, 57, b'1', ADDDATE(ADDDATE(CURDATE(), -10), INTERVAL 690 MINUTE)),
  (24, 199, b'1', ADDDATE(ADDDATE(CURDATE(), -10), INTERVAL 720 MINUTE)),
  (25, 459, b'1', ADDDATE(ADDDATE(CURDATE(), -10), INTERVAL 750 MINUTE)),
  (26, 358, b'1', ADDDATE(ADDDATE(CURDATE(), -10), INTERVAL 780 MINUTE)),
  (27, 251, b'1', ADDDATE(ADDDATE(CURDATE(), -10), INTERVAL 810 MINUTE)),
  (28, 433, b'1', ADDDATE(ADDDATE(CURDATE(), -10), INTERVAL 840 MINUTE)),
  (29, 232, b'1', ADDDATE(ADDDATE(CURDATE(), -10), INTERVAL 870 MINUTE)),
  (30, 306, b'1', ADDDATE(ADDDATE(CURDATE(), -10), INTERVAL 900 MINUTE)),
  (31, 385, b'1', ADDDATE(ADDDATE(CURDATE(), -10), INTERVAL 930 MINUTE)),
  (32, 233, b'1', ADDDATE(ADDDATE(CURDATE(), -10), INTERVAL 960 MINUTE)),
  (33, 36, b'0', ADDDATE(ADDDATE(CURDATE(), -10), INTERVAL 990 MINUTE)),
  (34, 498, b'1', ADDDATE(ADDDATE(CURDATE(), -10), INTERVAL 1020 MINUTE)),
  (35, 363, b'1', ADDDATE(ADDDATE(CURDATE(), -10), INTERVAL 1050 MINUTE)),
  (36, 147, b'1', ADDDATE(ADDDATE(CURDATE(), -10), INTERVAL 1080 MINUTE)),
  (37, 281, b'1', ADDDATE(ADDDATE(CURDATE(), -10), INTERVAL 1110 MINUTE)),
  (38, 83, b'1', ADDDATE(ADDDATE(CURDATE(), -10), INTERVAL 1140 MINUTE)),
  (39, 330, b'1', ADDDATE(ADDDATE(CURDATE(), -10), INTERVAL 1170 MINUTE)),
  (40, 73, b'1', ADDDATE(ADDDATE(CURDATE(), -10), INTERVAL 1200 MINUTE)),
  (41, 14, b'1', ADDDATE(ADDDATE(CURDATE(), -10), INTERVAL 1230 MINUTE)),
  (42, 163, b'1', ADDDATE(ADDDATE(CURDATE(), -10), INTERVAL 1260 MINUTE)),
  (43, 309, b'0', ADDDATE(ADDDATE(CURDATE(), -10), INTERVAL 1290 MINUTE)),
  (44, 81, b'1', ADDDATE(ADDDATE(CURDATE(), -10), INTERVAL 1320 MINUTE)),
  (45, 222, b'1', ADDDATE(ADDDATE(CURDATE(), -10), INTERVAL 1350 MINUTE)),
  (46, 333, b'1', ADDDATE(ADDDATE(CURDATE(), -10), INTERVAL 1380 MINUTE)),
  (47, 346, b'1', ADDDATE(ADDDATE(CURDATE(), -10), INTERVAL 1410 MINUTE)),
  (48, 4, b'1', ADDDATE(ADDDATE(CURDATE(), -10), INTERVAL 1440 MINUTE)),
  (49, 297, b'1', ADDDATE(ADDDATE(CURDATE(), -10), INTERVAL 1470 MINUTE)),
  (50, 467, b'1', ADDDATE(ADDDATE(CURDATE(), -10), INTERVAL 1500 MINUTE)),
  (51, 330, b'0', ADDDATE(ADDDATE(CURDATE(), -10), INTERVAL 1530 MINUTE)),
  (52, 494, b'1', ADDDATE(ADDDATE(CURDATE(), -10), INTERVAL 1560 MINUTE)),
  (53, 125, b'1', ADDDATE(ADDDATE(CURDATE(), -10), INTERVAL 1590 MINUTE)),
  (54, 310, b'1', ADDDATE(ADDDATE(CURDATE(), -10), INTERVAL 1620 MINUTE)),
  (55, 221, b'1', ADDDATE(ADDDATE(CURDATE(), -10), INTERVAL 1650 MINUTE)),
  (56, 190, b'1', ADDDATE(ADDDATE(CURDATE(), -10), INTERVAL 1680 MINUTE)),
  (57, 466, b'1', ADDDATE(ADDDATE(CURDATE(), -10), INTERVAL 1710 MINUTE)),
  (58, 404, b'1', ADDDATE(ADDDATE(CURDATE(), -10), INTERVAL 1740 MINUTE)),
  (59, 396, b'1', ADDDATE(ADDDATE(CURDATE(), -10), INTERVAL 1770 MINUTE)),
  (60, 357, b'1', ADDDATE(ADDDATE(CURDATE(), -10), INTERVAL 1800 MINUTE)),
  (61, 408, b'1', ADDDATE(ADDDATE(CURDATE(), -10), INTERVAL 1830 MINUTE)),
  (62, 339, b'1', ADDDATE(ADDDATE(CURDATE(), -10), INTERVAL 1860 MINUTE)),
  (63, 397, b'1', ADDDATE(ADDDATE(CURDATE(), -10), INTERVAL 1890 MINUTE)),
  (64, 443, b'1', ADDDATE(ADDDATE(CURDATE(), -10), INTERVAL 1920 MINUTE)),
  (65, 247, b'1', ADDDATE(ADDDATE(CURDATE(), -10), INTERVAL 1950 MINUTE)),
  (66, 38, b'1', ADDDATE(ADDDATE(CURDATE(), -10), INTERVAL 1980 MINUTE)),
  (67, 359, b'1', ADDDATE(ADDDATE(CURDATE(), -10), INTERVAL 2010 MINUTE)),
  (68, 367, b'1', ADDDATE(ADDDATE(CURDATE(), -10), INTERVAL 2040 MINUTE)),
  (69, 435, b'1', ADDDATE(ADDDATE(CURDATE(), -10), INTERVAL 2070 MINUTE)),
  (70, 410, b'1', ADDDATE(ADDDATE(CURDATE(), -10), INTERVAL 2100 MINUTE)),
  (71, 120, b'1', ADDDATE(ADDDATE(CURDATE(), -10), INTERVAL 2130 MINUTE)),
  (72, 361, b'1', ADDDATE(ADDDATE(CURDATE(), -10), INTERVAL 2160 MINUTE)),
  (73, 334, b'1', ADDDATE(ADDDATE(CURDATE(), -10), INTERVAL 2190 MINUTE)),
  (74, 27, b'1', ADDDATE(ADDDATE(CURDATE(), -10), INTERVAL 2220 MINUTE)),
  (75, 80, b'1', ADDDATE(ADDDATE(CURDATE(), -10), INTERVAL 2250 MINUTE)),
  (76, 189, b'1', ADDDATE(ADDDATE(CURDATE(), -10), INTERVAL 2280 MINUTE)),
  (77, 391, b'1', ADDDATE(ADDDATE(CURDATE(), -10), INTERVAL 2310 MINUTE)),
  (78, 17, b'1', ADDDATE(ADDDATE(CURDATE(), -10), INTERVAL 2340 MINUTE)),
  (79, 216, b'1', ADDDATE(ADDDATE(CURDATE(), -10), INTERVAL 2370 MINUTE)),
  (80, 152, b'1', ADDDATE(ADDDATE(CURDATE(), -10), INTERVAL 2400 MINUTE)),
  (81, 295, b'1', ADDDATE(ADDDATE(CURDATE(), -10), INTERVAL 2430 MINUTE)),
  (82, 446, b'1', ADDDATE(ADDDATE(CURDATE(), -10), INTERVAL 2460 MINUTE)),
  (83, 55, b'1', ADDDATE(ADDDATE(CURDATE(), -10), INTERVAL 2490 MINUTE)),
  (84, 311, b'1', ADDDATE(ADDDATE(CURDATE(), -10), INTERVAL 2520 MINUTE)),
  (85, 175, b'1', ADDDATE(ADDDATE(CURDATE(), -10), INTERVAL 2550 MINUTE)),
  (86, 132, b'1', ADDDATE(ADDDATE(CURDATE(), -10), INTERVAL 2580 MINUTE)),
  (87, 97, b'1', ADDDATE(ADDDATE(CURDATE(), -10), INTERVAL 2610 MINUTE)),
  (88, 410, b'0', ADDDATE(ADDDATE(CURDATE(), -10), INTERVAL 2640 MINUTE)),
  (89, 157, b'1', ADDDATE(ADDDATE(CURDATE(), -10), INTERVAL 2670 MINUTE)),
  (90, 24, b'1', ADDDATE(ADDDATE(CURDATE(), -10), INTERVAL 2700 MINUTE)),
  (91, 11, b'1', ADDDATE(ADDDATE(CURDATE(), -10), INTERVAL 2730 MINUTE)),
  (92, 389, b'1', ADDDATE(ADDDATE(CURDATE(), -10), INTERVAL 2760 MINUTE)),
  (93, 28, b'1', ADDDATE(ADDDATE(CURDATE(), -10), INTERVAL 2790 MINUTE)),
  (94, 355, b'1', ADDDATE(ADDDATE(CURDATE(), -10), INTERVAL 2820 MINUTE)),
  (95, 182, b'1', ADDDATE(ADDDATE(CURDATE(), -10), INTERVAL 2850 MINUTE)),
  (96, 474, b'1', ADDDATE(ADDDATE(CURDATE(), -10), INTERVAL 2880 MINUTE)),
  (97, 401, b'1', ADDDATE(ADDDATE(CURDATE(), -10), INTERVAL 2910 MINUTE)),
  (98, 280, b'1', ADDDATE(ADDDATE(CURDATE(), -10), INTERVAL 2940 MINUTE)),
  (99, 464, b'1', ADDDATE(ADDDATE(CURDATE(), -10), INTERVAL 2970 MINUTE)),
  (100, 229, b'1', ADDDATE(ADDDATE(CURDATE(), -10), INTERVAL 3000 MINUTE)),
  (101, 328, b'1', ADDDATE(ADDDATE(CURDATE(), -10), INTERVAL 3030 MINUTE)),
  (102, 10, b'1', ADDDATE(ADDDATE(CURDATE(), -10), INTERVAL 3060 MINUTE)),
  (103, 272, b'1', ADDDATE(ADDDATE(CURDATE(), -10), INTERVAL 3090 MINUTE)),
  (104, 384, b'1', ADDDATE(ADDDATE(CURDATE(), -10), INTERVAL 3120 MINUTE)),
  (105, 335, b'1', ADDDATE(ADDDATE(CURDATE(), -10), INTERVAL 3150 MINUTE)),
  (106, 144, b'1', ADDDATE(ADDDATE(CURDATE(), -10), INTERVAL 3180 MINUTE)),
  (107, 494, b'0', ADDDATE(ADDDATE(CURDATE(), -10), INTERVAL 3210 MINUTE)),
  (108, 306, b'0', ADDDATE(ADDDATE(CURDATE(), -10), INTERVAL 3240 MINUTE)),
  (109, 318, b'1', ADDDATE(ADDDATE(CURDATE(), -10), INTERVAL 3270 MINUTE)),
  (110, 335, b'0', ADDDATE(ADDDATE(CURDATE(), -10), INTERVAL 3300 MINUTE)),
  (111, 377, b'1', ADDDATE(ADDDATE(CURDATE(), -10), INTERVAL 3330 MINUTE)),
  (112, 463, b'1', ADDDATE(ADDDATE(CURDATE(), -10), INTERVAL 3360 MINUTE)),
  (113, 331, b'1', ADDDATE(ADDDATE(CURDATE(), -10), INTERVAL 3390 MINUTE)),
  (114, 26, b'1', ADDDATE(ADDDATE(CURDATE(), -10), INTERVAL 3420 MINUTE)),
  (115, 284, b'1', ADDDATE(ADDDATE(CURDATE(), -10), INTERVAL 3450 MINUTE)),
  (116, 365, b'1', ADDDATE(ADDDATE(CURDATE(), -10), INTERVAL 3480 MINUTE)),
  (117, 306, b'1', ADDDATE(ADDDATE(CURDATE(), -10), INTERVAL 3510 MINUTE)),
  (118, 174, b'1', ADDDATE(ADDDATE(CURDATE(), -10), INTERVAL 3540 MINUTE)),
  (119, 150, b'1', ADDDATE(ADDDATE(CURDATE(), -10), INTERVAL 3570 MINUTE)),
  (120, 77, b'1', ADDDATE(ADDDATE(CURDATE(), -10), INTERVAL 3600 MINUTE)),
  (121, 446, b'0', ADDDATE(ADDDATE(CURDATE(), -10), INTERVAL 3630 MINUTE)),
  (122, 156, b'1', ADDDATE(ADDDATE(CURDATE(), -10), INTERVAL 3660 MINUTE)),
  (123, 369, b'1', ADDDATE(ADDDATE(CURDATE(), -10), INTERVAL 3690 MINUTE)),
  (124, 485, b'1', ADDDATE(ADDDATE(CURDATE(), -10), INTERVAL 3720 MINUTE)),
  (125, 348, b'1', ADDDATE(ADDDATE(CURDATE(), -10), INTERVAL 3750 MINUTE)),
  (126, 291, b'1', ADDDATE(ADDDATE(CURDATE(), -10), INTERVAL 3780 MINUTE)),
  (127, 5, b'1', ADDDATE(ADDDATE(CURDATE(), -10), INTERVAL 3810 MINUTE)),
  (128, 327, b'1', ADDDATE(ADDDATE(CURDATE(), -10), INTERVAL 3840 MINUTE)),
  (129, 131, b'1', ADDDATE(ADDDATE(CURDATE(), -10), INTERVAL 3870 MINUTE)),
  (130, 365, b'0', ADDDATE(ADDDATE(CURDATE(), -10), INTERVAL 3900 MINUTE)),
  (131, 182, b'0', ADDDATE(ADDDATE(CURDATE(), -10), INTERVAL 3930 MINUTE)),
  (132, 235, b'1', ADDDATE(ADDDATE(CURDATE(), -10), INTERVAL 3960 MINUTE)),
  (133, 23, b'1', ADDDATE(ADDDATE(CURDATE(), -10), INTERVAL 3990 MINUTE)),
  (134, 416, b'0', ADDDATE(ADDDATE(CURDATE(), -10), INTERVAL 4020 MINUTE)),
  (135, 182, b'1', ADDDATE(ADDDATE(CURDATE(), -10), INTERVAL 4050 MINUTE)),
  (136, 389, b'0', ADDDATE(ADDDATE(CURDATE(), -10), INTERVAL 4080 MINUTE)),
  (137, 3, b'1', ADDDATE(ADDDATE(CURDATE(), -10), INTERVAL 4110 MINUTE)),
  (138, 156, b'0', ADDDATE(ADDDATE(CURDATE(), -10), INTERVAL 4140 MINUTE)),
  (139, 52, b'1', ADDDATE(ADDDATE(CURDATE(), -10), INTERVAL 4170 MINUTE)),
  (140, 20, b'1', ADDDATE(ADDDATE(CURDATE(), -10), INTERVAL 4200 MINUTE)),
  (141, 62, b'1', ADDDATE(ADDDATE(CURDATE(), -10), INTERVAL 4230 MINUTE)),
  (142, 265, b'1', ADDDATE(ADDDATE(CURDATE(), -10), INTERVAL 4260 MINUTE)),
  (143, 14, b'0', ADDDATE(ADDDATE(CURDATE(), -10), INTERVAL 4290 MINUTE)),
  (144, 141, b'1', ADDDATE(ADDDATE(CURDATE(), -10), INTERVAL 4320 MINUTE)),
  (145, 371, b'1', ADDDATE(ADDDATE(CURDATE(), -10), INTERVAL 4350 MINUTE)),
  (146, 398, b'1', ADDDATE(ADDDATE(CURDATE(), -10), INTERVAL 4380 MINUTE)),
  (147, 25, b'1', ADDDATE(ADDDATE(CURDATE(), -10), INTERVAL 4410 MINUTE)),
  (148, 233, b'0', ADDDATE(ADDDATE(CURDATE(), -10), INTERVAL 4440 MINUTE)),
  (149, 461, b'1', ADDDATE(ADDDATE(CURDATE(), -10), INTERVAL 4470 MINUTE)),
  (150, 189, b'0', ADDDATE(ADDDATE(CURDATE(), -10), INTERVAL 4500 MINUTE)),
  (151, 152, b'0', ADDDATE(ADDDATE(CURDATE(), -10), INTERVAL 4530 MINUTE)),
  (152, 325, b'1', ADDDATE(ADDDATE(CURDATE(), -10), INTERVAL 4560 MINUTE)),
  (153, 217, b'1', ADDDATE(ADDDATE(CURDATE(), -10), INTERVAL 4590 MINUTE)),
  (154, 127, b'1', ADDDATE(ADDDATE(CURDATE(), -10), INTERVAL 4620 MINUTE)),
  (155, 223, b'1', ADDDATE(ADDDATE(CURDATE(), -10), INTERVAL 4650 MINUTE)),
  (156, 68, b'1', ADDDATE(ADDDATE(CURDATE(), -10), INTERVAL 4680 MINUTE)),
  (157, 195, b'1', ADDDATE(ADDDATE(CURDATE(), -10), INTERVAL 4710 MINUTE)),
  (158, 46, b'1', ADDDATE(ADDDATE(CURDATE(), -10), INTERVAL 4740 MINUTE)),
  (159, 194, b'1', ADDDATE(ADDDATE(CURDATE(), -10), INTERVAL 4770 MINUTE)),
  (160, 301, b'1', ADDDATE(ADDDATE(CURDATE(), -10), INTERVAL 4800 MINUTE)),
  (161, 330, b'1', ADDDATE(ADDDATE(CURDATE(), -10), INTERVAL 4830 MINUTE)),
  (162, 32, b'0', ADDDATE(ADDDATE(CURDATE(), -10), INTERVAL 4860 MINUTE)),
  (163, 124, b'1', ADDDATE(ADDDATE(CURDATE(), -10), INTERVAL 4890 MINUTE)),
  (164, 10, b'0', ADDDATE(ADDDATE(CURDATE(), -10), INTERVAL 4920 MINUTE)),
  (165, 372, b'1', ADDDATE(ADDDATE(CURDATE(), -10), INTERVAL 4950 MINUTE)),
  (166, 449, b'1', ADDDATE(ADDDATE(CURDATE(), -10), INTERVAL 4980 MINUTE)),
  (167, 372, b'0', ADDDATE(ADDDATE(CURDATE(), -10), INTERVAL 5010 MINUTE)),
  (168, 190, b'0', ADDDATE(ADDDATE(CURDATE(), -10), INTERVAL 5040 MINUTE)),
  (169, 153, b'0', ADDDATE(ADDDATE(CURDATE(), -10), INTERVAL 5070 MINUTE)),
  (170, 100, b'1', ADDDATE(ADDDATE(CURDATE(), -10), INTERVAL 5100 MINUTE)),
  (171, 151, b'1', ADDDATE(ADDDATE(CURDATE(), -10), INTERVAL 5130 MINUTE)),
  (172, 371, b'0', ADDDATE(ADDDATE(CURDATE(), -10), INTERVAL 5160 MINUTE)),
  (173, 249, b'1', ADDDATE(ADDDATE(CURDATE(), -10), INTERVAL 5190 MINUTE)),
  (174, 272, b'0', ADDDATE(ADDDATE(CURDATE(), -10), INTERVAL 5220 MINUTE)),
  (175, 82, b'1', ADDDATE(ADDDATE(CURDATE(), -10), INTERVAL 5250 MINUTE)),
  (176, 483, b'1', ADDDATE(ADDDATE(CURDATE(), -10), INTERVAL 5280 MINUTE)),
  (177, 487, b'1', ADDDATE(ADDDATE(CURDATE(), -10), INTERVAL 5310 MINUTE)),
  (178, 54, b'1', ADDDATE(ADDDATE(CURDATE(), -10), INTERVAL 5340 MINUTE)),
  (179, 358, b'0', ADDDATE(ADDDATE(CURDATE(), -10), INTERVAL 5370 MINUTE)),
  (180, 88, b'1', ADDDATE(ADDDATE(CURDATE(), -10), INTERVAL 5400 MINUTE)),
  (181, 36, b'1', ADDDATE(ADDDATE(CURDATE(), -10), INTERVAL 5430 MINUTE)),
  (182, 291, b'0', ADDDATE(ADDDATE(CURDATE(), -10), INTERVAL 5460 MINUTE)),
  (183, 398, b'0', ADDDATE(ADDDATE(CURDATE(), -10), INTERVAL 5490 MINUTE)),
  (184, 161, b'1', ADDDATE(ADDDATE(CURDATE(), -10), INTERVAL 5520 MINUTE)),
  (185, 396, b'0', ADDDATE(ADDDATE(CURDATE(), -10), INTERVAL 5550 MINUTE)),
  (186, 11, b'0', ADDDATE(ADDDATE(CURDATE(), -10), INTERVAL 5580 MINUTE)),
  (187, 318, b'0', ADDDATE(ADDDATE(CURDATE(), -10), INTERVAL 5610 MINUTE)),
  (188, 118, b'1', ADDDATE(ADDDATE(CURDATE(), -10), INTERVAL 5640 MINUTE)),
  (189, 175, b'0', ADDDATE(ADDDATE(CURDATE(), -10), INTERVAL 5670 MINUTE)),
  (190, 356, b'1', ADDDATE(ADDDATE(CURDATE(), -10), INTERVAL 5700 MINUTE)),
  (191, 316, b'1', ADDDATE(ADDDATE(CURDATE(), -10), INTERVAL 5730 MINUTE)),
  (192, 21, b'1', ADDDATE(ADDDATE(CURDATE(), -10), INTERVAL 5760 MINUTE)),
  (193, 393, b'1', ADDDATE(ADDDATE(CURDATE(), -10), INTERVAL 5790 MINUTE)),
  (194, 302, b'1', ADDDATE(ADDDATE(CURDATE(), -10), INTERVAL 5820 MINUTE)),
  (195, 449, b'0', ADDDATE(ADDDATE(CURDATE(), -10), INTERVAL 5850 MINUTE)),
  (196, 315, b'1', ADDDATE(ADDDATE(CURDATE(), -10), INTERVAL 5880 MINUTE)),
  (197, 85, b'1', ADDDATE(ADDDATE(CURDATE(), -10), INTERVAL 5910 MINUTE)),
  (198, 42, b'1', ADDDATE(ADDDATE(CURDATE(), -10), INTERVAL 5940 MINUTE)),
  (199, 241, b'1', ADDDATE(ADDDATE(CURDATE(), -10), INTERVAL 5970 MINUTE)),
  (200, 385, b'0', ADDDATE(ADDDATE(CURDATE(), -10), INTERVAL 6000 MINUTE)),
  (201, 272, b'1', ADDDATE(ADDDATE(CURDATE(), -10), INTERVAL 6030 MINUTE)),
  (202, 364, b'1', ADDDATE(ADDDATE(CURDATE(), -10), INTERVAL 6060 MINUTE)),
  (203, 490, b'0', ADDDATE(ADDDATE(CURDATE(), -10), INTERVAL 6090 MINUTE)),
  (204, 88, b'0', ADDDATE(ADDDATE(CURDATE(), -10), INTERVAL 6120 MINUTE)),
  (205, 346, b'0', ADDDATE(ADDDATE(CURDATE(), -10), INTERVAL 6150 MINUTE)),
  (206, 465, b'1', ADDDATE(ADDDATE(CURDATE(), -10), INTERVAL 6180 MINUTE)),
  (207, 250, b'1', ADDDATE(ADDDATE(CURDATE(), -10), INTERVAL 6210 MINUTE)),
  (208, 3, b'0', ADDDATE(ADDDATE(CURDATE(), -10), INTERVAL 6240 MINUTE)),
  (209, 195, b'0', ADDDATE(ADDDATE(CURDATE(), -10), INTERVAL 6270 MINUTE)),
  (210, 371, b'1', ADDDATE(ADDDATE(CURDATE(), -10), INTERVAL 6300 MINUTE)),
  (211, 391, b'0', ADDDATE(ADDDATE(CURDATE(), -10), INTERVAL 6330 MINUTE)),
  (212, 265, b'0', ADDDATE(ADDDATE(CURDATE(), -10), INTERVAL 6360 MINUTE)),
  (213, 327, b'0', ADDDATE(ADDDATE(CURDATE(), -10), INTERVAL 6390 MINUTE)),
  (214, 138, b'1', ADDDATE(ADDDATE(CURDATE(), -10), INTERVAL 6420 MINUTE)),
  (215, 90, b'1', ADDDATE(ADDDATE(CURDATE(), -10), INTERVAL 6450 MINUTE)),
  (216, 61, b'1', ADDDATE(ADDDATE(CURDATE(), -10), INTERVAL 6480 MINUTE)),
  (217, 445, b'1', ADDDATE(ADDDATE(CURDATE(), -10), INTERVAL 6510 MINUTE)),
  (218, 282, b'1', ADDDATE(ADDDATE(CURDATE(), -10), INTERVAL 6540 MINUTE)),
  (219, 251, b'0', ADDDATE(ADDDATE(CURDATE(), -10), INTERVAL 6570 MINUTE)),
  (220, 465, b'0', ADDDATE(ADDDATE(CURDATE(), -10), INTERVAL 6600 MINUTE)),
  (221, 384, b'0', ADDDATE(ADDDATE(CURDATE(), -10), INTERVAL 6630 MINUTE)),
  (222, 405, b'1', ADDDATE(ADDDATE(CURDATE(), -10), INTERVAL 6660 MINUTE)),
  (223, 410, b'1', ADDDATE(ADDDATE(CURDATE(), -10), INTERVAL 6690 MINUTE)),
  (224, 83, b'0', ADDDATE(ADDDATE(CURDATE(), -10), INTERVAL 6720 MINUTE)),
  (225, 78, b'1', ADDDATE(ADDDATE(CURDATE(), -10), INTERVAL 6750 MINUTE)),
  (226, 114, b'1', ADDDATE(ADDDATE(CURDATE(), -10), INTERVAL 6780 MINUTE)),
  (227, 210, b'1', ADDDATE(ADDDATE(CURDATE(), -10), INTERVAL 6810 MINUTE)),
  (228, 420, b'1', ADDDATE(ADDDATE(CURDATE(), -10), INTERVAL 6840 MINUTE)),
  (229, 358, b'1', ADDDATE(ADDDATE(CURDATE(), -10), INTERVAL 6870 MINUTE)),
  (230, 289, b'1', ADDDATE(ADDDATE(CURDATE(), -10), INTERVAL 6900 MINUTE)),
  (231, 12, b'1', ADDDATE(ADDDATE(CURDATE(), -10), INTERVAL 6930 MINUTE)),
  (232, 136, b'1', ADDDATE(ADDDATE(CURDATE(), -10), INTERVAL 6960 MINUTE)),
  (233, 148, b'1', ADDDATE(ADDDATE(CURDATE(), -10), INTERVAL 6990 MINUTE)),
  (234, 144, b'0', ADDDATE(ADDDATE(CURDATE(), -10), INTERVAL 7020 MINUTE)),
  (235, 355, b'0', ADDDATE(ADDDATE(CURDATE(), -10), INTERVAL 7050 MINUTE)),
  (236, 500, b'1', ADDDATE(ADDDATE(CURDATE(), -10), INTERVAL 7080 MINUTE)),
  (237, 253, b'1', ADDDATE(ADDDATE(CURDATE(), -10), INTERVAL 7110 MINUTE)),
  (238, 83, b'1', ADDDATE(ADDDATE(CURDATE(), -10), INTERVAL 7140 MINUTE)),
  (239, 301, b'0', ADDDATE(ADDDATE(CURDATE(), -10), INTERVAL 7170 MINUTE)),
  (240, 30, b'1', ADDDATE(ADDDATE(CURDATE(), -10), INTERVAL 7200 MINUTE)),
  (241, 438, b'1', ADDDATE(ADDDATE(CURDATE(), -10), INTERVAL 7230 MINUTE)),
  (242, 314, b'1', ADDDATE(ADDDATE(CURDATE(), -10), INTERVAL 7260 MINUTE)),
  (243, 393, b'0', ADDDATE(ADDDATE(CURDATE(), -10), INTERVAL 7290 MINUTE)),
  (244, 211, b'1', ADDDATE(ADDDATE(CURDATE(), -10), INTERVAL 7320 MINUTE)),
  (245, 441, b'1', ADDDATE(ADDDATE(CURDATE(), -10), INTERVAL 7350 MINUTE)),
  (246, 335, b'1', ADDDATE(ADDDATE(CURDATE(), -10), INTERVAL 7380 MINUTE)),
  (247, 453, b'1', ADDDATE(ADDDATE(CURDATE(), -10), INTERVAL 7410 MINUTE)),
  (248, 139, b'1', ADDDATE(ADDDATE(CURDATE(), -10), INTERVAL 7440 MINUTE)),
  (249, 360, b'1', ADDDATE(ADDDATE(CURDATE(), -10), INTERVAL 7470 MINUTE)),
  (250, 343, b'1', ADDDATE(ADDDATE(CURDATE(), -10), INTERVAL 7500 MINUTE)),
  (251, 154, b'1', ADDDATE(ADDDATE(CURDATE(), -10), INTERVAL 7530 MINUTE)),
  (252, 404, b'0', ADDDATE(ADDDATE(CURDATE(), -10), INTERVAL 7560 MINUTE)),
  (253, 173, b'1', ADDDATE(ADDDATE(CURDATE(), -10), INTERVAL 7590 MINUTE)),
  (254, 444, b'1', ADDDATE(ADDDATE(CURDATE(), -10), INTERVAL 7620 MINUTE)),
  (255, 171, b'1', ADDDATE(ADDDATE(CURDATE(), -10), INTERVAL 7650 MINUTE)),
  (256, 229, b'0', ADDDATE(ADDDATE(CURDATE(), -10), INTERVAL 7680 MINUTE)),
  (257, 251, b'1', ADDDATE(ADDDATE(CURDATE(), -10), INTERVAL 7710 MINUTE)),
  (258, 353, b'1', ADDDATE(ADDDATE(CURDATE(), -10), INTERVAL 7740 MINUTE)),
  (259, 444, b'0', ADDDATE(ADDDATE(CURDATE(), -10), INTERVAL 7770 MINUTE)),
  (260, 340, b'1', ADDDATE(ADDDATE(CURDATE(), -10), INTERVAL 7800 MINUTE)),
  (261, 30, b'0', ADDDATE(ADDDATE(CURDATE(), -10), INTERVAL 7830 MINUTE)),
  (262, 275, b'1', ADDDATE(ADDDATE(CURDATE(), -10), INTERVAL 7860 MINUTE)),
  (263, 180, b'1', ADDDATE(ADDDATE(CURDATE(), -10), INTERVAL 7890 MINUTE)),
  (264, 60, b'1', ADDDATE(ADDDATE(CURDATE(), -10), INTERVAL 7920 MINUTE)),
  (265, 498, b'0', ADDDATE(ADDDATE(CURDATE(), -10), INTERVAL 7950 MINUTE)),
  (266, 371, b'0', ADDDATE(ADDDATE(CURDATE(), -10), INTERVAL 7980 MINUTE)),
  (267, 68, b'0', ADDDATE(ADDDATE(CURDATE(), -10), INTERVAL 8010 MINUTE)),
  (268, 263, b'1', ADDDATE(ADDDATE(CURDATE(), -10), INTERVAL 8040 MINUTE)),
  (269, 65, b'1', ADDDATE(ADDDATE(CURDATE(), -10), INTERVAL 8070 MINUTE)),
  (270, 432, b'1', ADDDATE(ADDDATE(CURDATE(), -10), INTERVAL 8100 MINUTE)),
  (271, 311, b'0', ADDDATE(ADDDATE(CURDATE(), -10), INTERVAL 8130 MINUTE)),
  (272, 478, b'1', ADDDATE(ADDDATE(CURDATE(), -10), INTERVAL 8160 MINUTE)),
  (273, 472, b'1', ADDDATE(ADDDATE(CURDATE(), -10), INTERVAL 8190 MINUTE)),
  (274, 394, b'1', ADDDATE(ADDDATE(CURDATE(), -10), INTERVAL 8220 MINUTE)),
  (275, 173, b'0', ADDDATE(ADDDATE(CURDATE(), -10), INTERVAL 8250 MINUTE)),
  (276, 215, b'1', ADDDATE(ADDDATE(CURDATE(), -10), INTERVAL 8280 MINUTE)),
  (277, 423, b'1', ADDDATE(ADDDATE(CURDATE(), -10), INTERVAL 8310 MINUTE)),
  (278, 113, b'1', ADDDATE(ADDDATE(CURDATE(), -10), INTERVAL 8340 MINUTE)),
  (279, 281, b'0', ADDDATE(ADDDATE(CURDATE(), -10), INTERVAL 8370 MINUTE)),
  (280, 98, b'1', ADDDATE(ADDDATE(CURDATE(), -10), INTERVAL 8400 MINUTE)),
  (281, 414, b'1', ADDDATE(ADDDATE(CURDATE(), -10), INTERVAL 8430 MINUTE)),
  (282, 202, b'1', ADDDATE(ADDDATE(CURDATE(), -10), INTERVAL 8460 MINUTE)),
  (283, 70, b'1', ADDDATE(ADDDATE(CURDATE(), -10), INTERVAL 8490 MINUTE)),
  (284, 350, b'1', ADDDATE(ADDDATE(CURDATE(), -10), INTERVAL 8520 MINUTE)),
  (285, 388, b'1', ADDDATE(ADDDATE(CURDATE(), -10), INTERVAL 8550 MINUTE)),
  (286, 162, b'1', ADDDATE(ADDDATE(CURDATE(), -10), INTERVAL 8580 MINUTE)),
  (287, 194, b'0', ADDDATE(ADDDATE(CURDATE(), -10), INTERVAL 8610 MINUTE)),
  (288, 285, b'1', ADDDATE(ADDDATE(CURDATE(), -10), INTERVAL 8640 MINUTE)),
  (289, 242, b'1', ADDDATE(ADDDATE(CURDATE(), -10), INTERVAL 8670 MINUTE)),
  (290, 196, b'1', ADDDATE(ADDDATE(CURDATE(), -10), INTERVAL 8700 MINUTE)),
  (291, 204, b'1', ADDDATE(ADDDATE(CURDATE(), -10), INTERVAL 8730 MINUTE)),
  (292, 174, b'0', ADDDATE(ADDDATE(CURDATE(), -10), INTERVAL 8760 MINUTE)),
  (293, 73, b'0', ADDDATE(ADDDATE(CURDATE(), -10), INTERVAL 8790 MINUTE)),
  (294, 393, b'1', ADDDATE(ADDDATE(CURDATE(), -10), INTERVAL 8820 MINUTE)),
  (295, 350, b'0', ADDDATE(ADDDATE(CURDATE(), -10), INTERVAL 8850 MINUTE)),
  (296, 191, b'1', ADDDATE(ADDDATE(CURDATE(), -10), INTERVAL 8880 MINUTE)),
  (297, 375, b'1', ADDDATE(ADDDATE(CURDATE(), -10), INTERVAL 8910 MINUTE)),
  (298, 166, b'1', ADDDATE(ADDDATE(CURDATE(), -10), INTERVAL 8940 MINUTE)),
  (299, 12, b'0', ADDDATE(ADDDATE(CURDATE(), -10), INTERVAL 8970 MINUTE)),
  (300, 268, b'1', ADDDATE(ADDDATE(CURDATE(), -10), INTERVAL 9000 MINUTE)),
  (301, 388, b'0', ADDDATE(ADDDATE(CURDATE(), -10), INTERVAL 9030 MINUTE)),
  (302, 131, b'0', ADDDATE(ADDDATE(CURDATE(), -10), INTERVAL 9060 MINUTE)),
  (303, 338, b'1', ADDDATE(ADDDATE(CURDATE(), -10), INTERVAL 9090 MINUTE)),
  (304, 344, b'1', ADDDATE(ADDDATE(CURDATE(), -10), INTERVAL 9120 MINUTE)),
  (305, 32, b'1', ADDDATE(ADDDATE(CURDATE(), -10), INTERVAL 9150 MINUTE)),
  (306, 260, b'1', ADDDATE(ADDDATE(CURDATE(), -10), INTERVAL 9180 MINUTE)),
  (307, 107, b'1', ADDDATE(ADDDATE(CURDATE(), -10), INTERVAL 9210 MINUTE)),
  (308, 76, b'1', ADDDATE(ADDDATE(CURDATE(), -10), INTERVAL 9240 MINUTE)),
  (309, 39, b'1', ADDDATE(ADDDATE(CURDATE(), -10), INTERVAL 9270 MINUTE)),
  (310, 240, b'1', ADDDATE(ADDDATE(CURDATE(), -10), INTERVAL 9300 MINUTE)),
  (311, 433, b'0', ADDDATE(ADDDATE(CURDATE(), -10), INTERVAL 9330 MINUTE)),
  (312, 455, b'1', ADDDATE(ADDDATE(CURDATE(), -10), INTERVAL 9360 MINUTE)),
  (313, 408, b'0', ADDDATE(ADDDATE(CURDATE(), -10), INTERVAL 9390 MINUTE)),
  (314, 178, b'1', ADDDATE(ADDDATE(CURDATE(), -10), INTERVAL 9420 MINUTE)),
  (315, 412, b'1', ADDDATE(ADDDATE(CURDATE(), -10), INTERVAL 9450 MINUTE)),
  (316, 206, b'1', ADDDATE(ADDDATE(CURDATE(), -10), INTERVAL 9480 MINUTE)),
  (317, 414, b'0', ADDDATE(ADDDATE(CURDATE(), -10), INTERVAL 9510 MINUTE)),
  (318, 160, b'1', ADDDATE(ADDDATE(CURDATE(), -10), INTERVAL 9540 MINUTE)),
  (319, 470, b'1', ADDDATE(ADDDATE(CURDATE(), -10), INTERVAL 9570 MINUTE)),
  (320, 304, b'1', ADDDATE(ADDDATE(CURDATE(), -10), INTERVAL 9600 MINUTE)),
  (321, 434, b'1', ADDDATE(ADDDATE(CURDATE(), -10), INTERVAL 9630 MINUTE)),
  (322, 25, b'0', ADDDATE(ADDDATE(CURDATE(), -10), INTERVAL 9660 MINUTE)),
  (323, 284, b'0', ADDDATE(ADDDATE(CURDATE(), -10), INTERVAL 9690 MINUTE)),
  (324, 105, b'1', ADDDATE(ADDDATE(CURDATE(), -10), INTERVAL 9720 MINUTE)),
  (325, 150, b'0', ADDDATE(ADDDATE(CURDATE(), -10), INTERVAL 9750 MINUTE)),
  (326, 18, b'1', ADDDATE(ADDDATE(CURDATE(), -10), INTERVAL 9780 MINUTE)),
  (327, 463, b'0', ADDDATE(ADDDATE(CURDATE(), -10), INTERVAL 9810 MINUTE)),
  (328, 59, b'1', ADDDATE(ADDDATE(CURDATE(), -10), INTERVAL 9840 MINUTE)),
  (329, 364, b'0', ADDDATE(ADDDATE(CURDATE(), -10), INTERVAL 9870 MINUTE)),
  (330, 310, b'0', ADDDATE(ADDDATE(CURDATE(), -10), INTERVAL 9900 MINUTE)),
  (331, 97, b'0', ADDDATE(ADDDATE(CURDATE(), -10), INTERVAL 9930 MINUTE)),
  (332, 17, b'0', ADDDATE(ADDDATE(CURDATE(), -10), INTERVAL 9960 MINUTE)),
  (333, 259, b'1', ADDDATE(ADDDATE(CURDATE(), -10), INTERVAL 9990 MINUTE)),
  (334, 424, b'1', ADDDATE(ADDDATE(CURDATE(), -10), INTERVAL 10020 MINUTE)),
  (335, 235, b'0', ADDDATE(ADDDATE(CURDATE(), -10), INTERVAL 10050 MINUTE)),
  (336, 497, b'1', ADDDATE(ADDDATE(CURDATE(), -10), INTERVAL 10080 MINUTE)),
  (337, 107, b'0', ADDDATE(ADDDATE(CURDATE(), -10), INTERVAL 10110 MINUTE)),
  (338, 260, b'0', ADDDATE(ADDDATE(CURDATE(), -10), INTERVAL 10140 MINUTE)),
  (339, 212, b'1', ADDDATE(ADDDATE(CURDATE(), -10), INTERVAL 10170 MINUTE)),
  (340, 29, b'1', ADDDATE(ADDDATE(CURDATE(), -10), INTERVAL 10200 MINUTE)),
  (341, 472, b'0', ADDDATE(ADDDATE(CURDATE(), -10), INTERVAL 10230 MINUTE)),
  (342, 346, b'1', ADDDATE(ADDDATE(CURDATE(), -10), INTERVAL 10260 MINUTE)),
  (343, 17, b'1', ADDDATE(ADDDATE(CURDATE(), -10), INTERVAL 10290 MINUTE)),
  (344, 459, b'0', ADDDATE(ADDDATE(CURDATE(), -10), INTERVAL 10320 MINUTE)),
  (345, 415, b'1', ADDDATE(ADDDATE(CURDATE(), -10), INTERVAL 10350 MINUTE)),
  (346, 410, b'0', ADDDATE(ADDDATE(CURDATE(), -10), INTERVAL 10380 MINUTE)),
  (347, 127, b'0', ADDDATE(ADDDATE(CURDATE(), -10), INTERVAL 10410 MINUTE)),
  (348, 160, b'0', ADDDATE(ADDDATE(CURDATE(), -10), INTERVAL 10440 MINUTE)),
  (349, 439, b'1', ADDDATE(ADDDATE(CURDATE(), -10), INTERVAL 10470 MINUTE)),
  (350, 411, b'1', ADDDATE(ADDDATE(CURDATE(), -10), INTERVAL 10500 MINUTE)),
  (351, 25, b'1', ADDDATE(ADDDATE(CURDATE(), -10), INTERVAL 10530 MINUTE)),
  (352, 142, b'1', ADDDATE(ADDDATE(CURDATE(), -10), INTERVAL 10560 MINUTE)),
  (353, 213, b'1', ADDDATE(ADDDATE(CURDATE(), -10), INTERVAL 10590 MINUTE)),
  (354, 471, b'1', ADDDATE(ADDDATE(CURDATE(), -10), INTERVAL 10620 MINUTE)),
  (355, 379, b'0', ADDDATE(ADDDATE(CURDATE(), -10), INTERVAL 10650 MINUTE)),
  (356, 80, b'0', ADDDATE(ADDDATE(CURDATE(), -10), INTERVAL 10680 MINUTE)),
  (357, 418, b'1', ADDDATE(ADDDATE(CURDATE(), -10), INTERVAL 10710 MINUTE)),
  (358, 419, b'1', ADDDATE(ADDDATE(CURDATE(), -10), INTERVAL 10740 MINUTE)),
  (359, 347, b'1', ADDDATE(ADDDATE(CURDATE(), -10), INTERVAL 10770 MINUTE)),
  (360, 447, b'1', ADDDATE(ADDDATE(CURDATE(), -10), INTERVAL 10800 MINUTE)),
  (361, 1, b'1', ADDDATE(ADDDATE(CURDATE(), -10), INTERVAL 10830 MINUTE)),
  (362, 59, b'0', ADDDATE(ADDDATE(CURDATE(), -10), INTERVAL 10860 MINUTE)),
  (363, 359, b'0', ADDDATE(ADDDATE(CURDATE(), -10), INTERVAL 10890 MINUTE)),
  (364, 354, b'1', ADDDATE(ADDDATE(CURDATE(), -10), INTERVAL 10920 MINUTE)),
  (365, 60, b'0', ADDDATE(ADDDATE(CURDATE(), -10), INTERVAL 10950 MINUTE)),
  (366, 34, b'1', ADDDATE(ADDDATE(CURDATE(), -10), INTERVAL 10980 MINUTE)),
  (367, 5, b'0', ADDDATE(ADDDATE(CURDATE(), -10), INTERVAL 11010 MINUTE)),
  (368, 154, b'0', ADDDATE(ADDDATE(CURDATE(), -10), INTERVAL 11040 MINUTE)),
  (369, 429, b'0', ADDDATE(ADDDATE(CURDATE(), -10), INTERVAL 11070 MINUTE)),
  (370, 174, b'1', ADDDATE(ADDDATE(CURDATE(), -10), INTERVAL 11100 MINUTE)),
  (371, 443, b'0', ADDDATE(ADDDATE(CURDATE(), -10), INTERVAL 11130 MINUTE)),
  (372, 282, b'0', ADDDATE(ADDDATE(CURDATE(), -10), INTERVAL 11160 MINUTE)),
  (373, 117, b'1', ADDDATE(ADDDATE(CURDATE(), -10), INTERVAL 11190 MINUTE)),
  (374, 123, b'1', ADDDATE(ADDDATE(CURDATE(), -10), INTERVAL 11220 MINUTE)),
  (375, 116, b'1', ADDDATE(ADDDATE(CURDATE(), -10), INTERVAL 11250 MINUTE)),
  (376, 186, b'1', ADDDATE(ADDDATE(CURDATE(), -10), INTERVAL 11280 MINUTE)),
  (377, 68, b'1', ADDDATE(ADDDATE(CURDATE(), -10), INTERVAL 11310 MINUTE)),
  (378, 368, b'1', ADDDATE(ADDDATE(CURDATE(), -10), INTERVAL 11340 MINUTE)),
  (379, 428, b'1', ADDDATE(ADDDATE(CURDATE(), -10), INTERVAL 11370 MINUTE)),
  (380, 211, b'0', ADDDATE(ADDDATE(CURDATE(), -10), INTERVAL 11400 MINUTE)),
  (381, 172, b'1', ADDDATE(ADDDATE(CURDATE(), -10), INTERVAL 11430 MINUTE)),
  (382, 484, b'1', ADDDATE(ADDDATE(CURDATE(), -10), INTERVAL 11460 MINUTE)),
  (383, 411, b'0', ADDDATE(ADDDATE(CURDATE(), -10), INTERVAL 11490 MINUTE)),
  (384, 141, b'0', ADDDATE(ADDDATE(CURDATE(), -10), INTERVAL 11520 MINUTE)),
  (385, 96, b'1', ADDDATE(ADDDATE(CURDATE(), -10), INTERVAL 11550 MINUTE)),
  (386, 466, b'0', ADDDATE(ADDDATE(CURDATE(), -10), INTERVAL 11580 MINUTE)),
  (387, 255, b'1', ADDDATE(ADDDATE(CURDATE(), -10), INTERVAL 11610 MINUTE)),
  (388, 425, b'1', ADDDATE(ADDDATE(CURDATE(), -10), INTERVAL 11640 MINUTE)),
  (389, 26, b'0', ADDDATE(ADDDATE(CURDATE(), -10), INTERVAL 11670 MINUTE)),
  (390, 237, b'1', ADDDATE(ADDDATE(CURDATE(), -10), INTERVAL 11700 MINUTE)),
  (391, 317, b'1', ADDDATE(ADDDATE(CURDATE(), -10), INTERVAL 11730 MINUTE)),
  (392, 495, b'1', ADDDATE(ADDDATE(CURDATE(), -10), INTERVAL 11760 MINUTE)),
  (393, 403, b'1', ADDDATE(ADDDATE(CURDATE(), -10), INTERVAL 11790 MINUTE)),
  (394, 183, b'1', ADDDATE(ADDDATE(CURDATE(), -10), INTERVAL 11820 MINUTE)),
  (395, 403, b'0', ADDDATE(ADDDATE(CURDATE(), -10), INTERVAL 11850 MINUTE)),
  (396, 272, b'0', ADDDATE(ADDDATE(CURDATE(), -10), INTERVAL 11880 MINUTE)),
  (397, 127, b'1', ADDDATE(ADDDATE(CURDATE(), -10), INTERVAL 11910 MINUTE)),
  (398, 157, b'0', ADDDATE(ADDDATE(CURDATE(), -10), INTERVAL 11940 MINUTE)),
  (399, 441, b'0', ADDDATE(ADDDATE(CURDATE(), -10), INTERVAL 11970 MINUTE)),
  (400, 91, b'1', ADDDATE(ADDDATE(CURDATE(), -10), INTERVAL 12000 MINUTE)),
  (401, 500, b'0', ADDDATE(ADDDATE(CURDATE(), -10), INTERVAL 12030 MINUTE)),
  (402, 62, b'0', ADDDATE(ADDDATE(CURDATE(), -10), INTERVAL 12060 MINUTE)),
  (403, 424, b'0', ADDDATE(ADDDATE(CURDATE(), -10), INTERVAL 12090 MINUTE)),
  (404, 484, b'0', ADDDATE(ADDDATE(CURDATE(), -10), INTERVAL 12120 MINUTE)),
  (405, 452, b'1', ADDDATE(ADDDATE(CURDATE(), -10), INTERVAL 12150 MINUTE)),
  (406, 149, b'1', ADDDATE(ADDDATE(CURDATE(), -10), INTERVAL 12180 MINUTE)),
  (407, 12, b'1', ADDDATE(ADDDATE(CURDATE(), -10), INTERVAL 12210 MINUTE)),
  (408, 43, b'1', ADDDATE(ADDDATE(CURDATE(), -10), INTERVAL 12240 MINUTE)),
  (409, 124, b'0', ADDDATE(ADDDATE(CURDATE(), -10), INTERVAL 12270 MINUTE)),
  (410, 340, b'0', ADDDATE(ADDDATE(CURDATE(), -10), INTERVAL 12300 MINUTE)),
  (411, 333, b'0', ADDDATE(ADDDATE(CURDATE(), -10), INTERVAL 12330 MINUTE)),
  (412, 188, b'1', ADDDATE(ADDDATE(CURDATE(), -10), INTERVAL 12360 MINUTE)),
  (413, 429, b'1', ADDDATE(ADDDATE(CURDATE(), -10), INTERVAL 12390 MINUTE)),
  (414, 426, b'1', ADDDATE(ADDDATE(CURDATE(), -10), INTERVAL 12420 MINUTE)),
  (415, 172, b'0', ADDDATE(ADDDATE(CURDATE(), -10), INTERVAL 12450 MINUTE)),
  (416, 55, b'0', ADDDATE(ADDDATE(CURDATE(), -10), INTERVAL 12480 MINUTE)),
  (417, 499, b'1', ADDDATE(ADDDATE(CURDATE(), -10), INTERVAL 12510 MINUTE)),
  (418, 54, b'0', ADDDATE(ADDDATE(CURDATE(), -10), INTERVAL 12540 MINUTE)),
  (419, 226, b'1', ADDDATE(ADDDATE(CURDATE(), -10), INTERVAL 12570 MINUTE)),
  (420, 164, b'1', ADDDATE(ADDDATE(CURDATE(), -10), INTERVAL 12600 MINUTE)),
  (421, 407, b'1', ADDDATE(ADDDATE(CURDATE(), -10), INTERVAL 12630 MINUTE)),
  (422, 355, b'1', ADDDATE(ADDDATE(CURDATE(), -10), INTERVAL 12660 MINUTE)),
  (423, 164, b'0', ADDDATE(ADDDATE(CURDATE(), -10), INTERVAL 12690 MINUTE)),
  (424, 180, b'0', ADDDATE(ADDDATE(CURDATE(), -10), INTERVAL 12720 MINUTE)),
  (425, 296, b'1', ADDDATE(ADDDATE(CURDATE(), -10), INTERVAL 12750 MINUTE)),
  (426, 216, b'0', ADDDATE(ADDDATE(CURDATE(), -10), INTERVAL 12780 MINUTE)),
  (427, 10, b'1', ADDDATE(ADDDATE(CURDATE(), -10), INTERVAL 12810 MINUTE)),
  (428, 479, b'1', ADDDATE(ADDDATE(CURDATE(), -10), INTERVAL 12840 MINUTE)),
  (429, 392, b'1', ADDDATE(ADDDATE(CURDATE(), -10), INTERVAL 12870 MINUTE)),
  (430, 163, b'0', ADDDATE(ADDDATE(CURDATE(), -10), INTERVAL 12900 MINUTE)),
  (431, 98, b'0', ADDDATE(ADDDATE(CURDATE(), -10), INTERVAL 12930 MINUTE)),
  (432, 485, b'0', ADDDATE(ADDDATE(CURDATE(), -10), INTERVAL 12960 MINUTE)),
  (433, 298, b'1', ADDDATE(ADDDATE(CURDATE(), -10), INTERVAL 12990 MINUTE)),
  (434, 22, b'1', ADDDATE(ADDDATE(CURDATE(), -10), INTERVAL 13020 MINUTE)),
  (435, 434, b'0', ADDDATE(ADDDATE(CURDATE(), -10), INTERVAL 13050 MINUTE)),
  (436, 71, b'1', ADDDATE(ADDDATE(CURDATE(), -10), INTERVAL 13080 MINUTE)),
  (437, 41, b'1', ADDDATE(ADDDATE(CURDATE(), -10), INTERVAL 13110 MINUTE)),
  (438, 317, b'0', ADDDATE(ADDDATE(CURDATE(), -10), INTERVAL 13140 MINUTE)),
  (439, 20, b'0', ADDDATE(ADDDATE(CURDATE(), -10), INTERVAL 13170 MINUTE)),
  (440, 467, b'0', ADDDATE(ADDDATE(CURDATE(), -10), INTERVAL 13200 MINUTE)),
  (441, 53, b'1', ADDDATE(ADDDATE(CURDATE(), -10), INTERVAL 13230 MINUTE)),
  (442, 14, b'1', ADDDATE(ADDDATE(CURDATE(), -10), INTERVAL 13260 MINUTE)),
  (443, 74, b'1', ADDDATE(ADDDATE(CURDATE(), -10), INTERVAL 13290 MINUTE)),
  (444, 119, b'1', ADDDATE(ADDDATE(CURDATE(), -10), INTERVAL 13320 MINUTE)),
  (445, 81, b'0', ADDDATE(ADDDATE(CURDATE(), -10), INTERVAL 13350 MINUTE)),
  (446, 189, b'1', ADDDATE(ADDDATE(CURDATE(), -10), INTERVAL 13380 MINUTE)),
  (447, 196, b'0', ADDDATE(ADDDATE(CURDATE(), -10), INTERVAL 13410 MINUTE)),
  (448, 453, b'0', ADDDATE(ADDDATE(CURDATE(), -10), INTERVAL 13440 MINUTE)),
  (449, 266, b'1', ADDDATE(ADDDATE(CURDATE(), -10), INTERVAL 13470 MINUTE)),
  (450, 20, b'1', ADDDATE(ADDDATE(CURDATE(), -10), INTERVAL 13500 MINUTE)),
  (451, 18, b'0', ADDDATE(ADDDATE(CURDATE(), -10), INTERVAL 13530 MINUTE)),
  (452, 52, b'0', ADDDATE(ADDDATE(CURDATE(), -10), INTERVAL 13560 MINUTE)),
  (453, 3, b'1', ADDDATE(ADDDATE(CURDATE(), -10), INTERVAL 13590 MINUTE)),
  (454, 100, b'0', ADDDATE(ADDDATE(CURDATE(), -10), INTERVAL 13620 MINUTE)),
  (455, 333, b'1', ADDDATE(ADDDATE(CURDATE(), -10), INTERVAL 13650 MINUTE)),
  (456, 407, b'0', ADDDATE(ADDDATE(CURDATE(), -10), INTERVAL 13680 MINUTE)),
  (457, 182, b'0', ADDDATE(ADDDATE(CURDATE(), -10), INTERVAL 13710 MINUTE)),
  (458, 193, b'1', ADDDATE(ADDDATE(CURDATE(), -10), INTERVAL 13740 MINUTE)),
  (459, 65, b'0', ADDDATE(ADDDATE(CURDATE(), -10), INTERVAL 13770 MINUTE)),
  (460, 421, b'0', ADDDATE(ADDDATE(CURDATE(), -10), INTERVAL 13800 MINUTE)),
  (461, 149, b'0', ADDDATE(ADDDATE(CURDATE(), -10), INTERVAL 13830 MINUTE)),
  (462, 86, b'1', ADDDATE(ADDDATE(CURDATE(), -10), INTERVAL 13860 MINUTE)),
  (463, 27, b'0', ADDDATE(ADDDATE(CURDATE(), -10), INTERVAL 13890 MINUTE)),
  (464, 420, b'0', ADDDATE(ADDDATE(CURDATE(), -10), INTERVAL 13920 MINUTE)),
  (465, 450, b'1', ADDDATE(ADDDATE(CURDATE(), -10), INTERVAL 13950 MINUTE)),
  (466, 250, b'0', ADDDATE(ADDDATE(CURDATE(), -10), INTERVAL 13980 MINUTE)),
  (467, 419, b'0', ADDDATE(ADDDATE(CURDATE(), -10), INTERVAL 14010 MINUTE)),
  (468, 355, b'0', ADDDATE(ADDDATE(CURDATE(), -10), INTERVAL 14040 MINUTE)),
  (469, 482, b'1', ADDDATE(ADDDATE(CURDATE(), -10), INTERVAL 14070 MINUTE)),
  (470, 94, b'1', ADDDATE(ADDDATE(CURDATE(), -10), INTERVAL 14100 MINUTE)),
  (471, 280, b'0', ADDDATE(ADDDATE(CURDATE(), -10), INTERVAL 14130 MINUTE)),
  (472, 354, b'0', ADDDATE(ADDDATE(CURDATE(), -10), INTERVAL 14160 MINUTE)),
  (473, 422, b'1', ADDDATE(ADDDATE(CURDATE(), -10), INTERVAL 14190 MINUTE)),
  (474, 330, b'0', ADDDATE(ADDDATE(CURDATE(), -10), INTERVAL 14220 MINUTE)),
  (475, 379, b'1', ADDDATE(ADDDATE(CURDATE(), -10), INTERVAL 14250 MINUTE)),
  (476, 98, b'1', ADDDATE(ADDDATE(CURDATE(), -10), INTERVAL 14280 MINUTE)),
  (477, 297, b'0', ADDDATE(ADDDATE(CURDATE(), -10), INTERVAL 14310 MINUTE)),
  (478, 123, b'0', ADDDATE(ADDDATE(CURDATE(), -10), INTERVAL 14340 MINUTE)),
  (479, 469, b'1', ADDDATE(ADDDATE(CURDATE(), -10), INTERVAL 14370 MINUTE)),
  (480, 423, b'0', ADDDATE(ADDDATE(CURDATE(), -10), INTERVAL 14400 MINUTE)),
  (481, 382, b'1', ADDDATE(ADDDATE(CURDATE(), -10), INTERVAL 14430 MINUTE)),
  (482, 202, b'0', ADDDATE(ADDDATE(CURDATE(), -10), INTERVAL 14460 MINUTE)),
  (483, 361, b'0', ADDDATE(ADDDATE(CURDATE(), -10), INTERVAL 14490 MINUTE)),
  (484, 213, b'0', ADDDATE(ADDDATE(CURDATE(), -10), INTERVAL 14520 MINUTE)),
  (485, 286, b'1', ADDDATE(ADDDATE(CURDATE(), -10), INTERVAL 14550 MINUTE)),
  (486, 62, b'1', ADDDATE(ADDDATE(CURDATE(), -10), INTERVAL 14580 MINUTE)),
  (487, 18, b'1', ADDDATE(ADDDATE(CURDATE(), -10), INTERVAL 14610 MINUTE)),
  (488, 203, b'1', ADDDATE(ADDDATE(CURDATE(), -10), INTERVAL 14640 MINUTE)),
  (489, 22, b'0', ADDDATE(ADDDATE(CURDATE(), -10), INTERVAL 14670 MINUTE)),
  (490, 88, b'1', ADDDATE(ADDDATE(CURDATE(), -10), INTERVAL 14700 MINUTE)),
  (491, 215, b'0', ADDDATE(ADDDATE(CURDATE(), -10), INTERVAL 14730 MINUTE)),
  (492, 38, b'0', ADDDATE(ADDDATE(CURDATE(), -10), INTERVAL 14760 MINUTE)),
  (493, 203, b'0', ADDDATE(ADDDATE(CURDATE(), -10), INTERVAL 14790 MINUTE)),
  (494, 17, b'0', ADDDATE(ADDDATE(CURDATE(), -10), INTERVAL 14820 MINUTE)),
  (495, 339, b'0', ADDDATE(ADDDATE(CURDATE(), -10), INTERVAL 14850 MINUTE)),
  (496, 92, b'1', ADDDATE(ADDDATE(CURDATE(), -10), INTERVAL 14880 MINUTE)),
  (497, 398, b'1', ADDDATE(ADDDATE(CURDATE(), -10), INTERVAL 14910 MINUTE)),
  (498, 309, b'1', ADDDATE(ADDDATE(CURDATE(), -10), INTERVAL 14940 MINUTE)),
  (499, 317, b'1', ADDDATE(ADDDATE(CURDATE(), -10), INTERVAL 14970 MINUTE)),
  (500, 190, b'1', ADDDATE(ADDDATE(CURDATE(), -10), INTERVAL 15000 MINUTE)),
  (501, 191, b'0', ADDDATE(ADDDATE(CURDATE(), -10), INTERVAL 15030 MINUTE)),
  (502, 362, b'1', ADDDATE(ADDDATE(CURDATE(), -10), INTERVAL 15060 MINUTE)),
  (503, 256, b'1', ADDDATE(ADDDATE(CURDATE(), -10), INTERVAL 15090 MINUTE)),
  (504, 57, b'0', ADDDATE(ADDDATE(CURDATE(), -10), INTERVAL 15120 MINUTE)),
  (505, 399, b'1', ADDDATE(ADDDATE(CURDATE(), -10), INTERVAL 15150 MINUTE)),
  (506, 434, b'1', ADDDATE(ADDDATE(CURDATE(), -10), INTERVAL 15180 MINUTE)),
  (507, 87, b'1', ADDDATE(ADDDATE(CURDATE(), -10), INTERVAL 15210 MINUTE)),
  (508, 359, b'1', ADDDATE(ADDDATE(CURDATE(), -10), INTERVAL 15240 MINUTE)),
  (509, 110, b'1', ADDDATE(ADDDATE(CURDATE(), -10), INTERVAL 15270 MINUTE)),
  (510, 105, b'0', ADDDATE(ADDDATE(CURDATE(), -10), INTERVAL 15300 MINUTE)),
  (511, 377, b'0', ADDDATE(ADDDATE(CURDATE(), -10), INTERVAL 15330 MINUTE)),
  (512, 401, b'0', ADDDATE(ADDDATE(CURDATE(), -10), INTERVAL 15360 MINUTE)),
  (513, 33, b'1', ADDDATE(ADDDATE(CURDATE(), -10), INTERVAL 15390 MINUTE)),
  (514, 100, b'1', ADDDATE(ADDDATE(CURDATE(), -10), INTERVAL 15420 MINUTE)),
  (515, 76, b'0', ADDDATE(ADDDATE(CURDATE(), -10), INTERVAL 15450 MINUTE)),
  (516, 451, b'1', ADDDATE(ADDDATE(CURDATE(), -10), INTERVAL 15480 MINUTE)),
  (517, 432, b'0', ADDDATE(ADDDATE(CURDATE(), -10), INTERVAL 15510 MINUTE)),
  (518, 65, b'1', ADDDATE(ADDDATE(CURDATE(), -10), INTERVAL 15540 MINUTE)),
  (519, 122, b'1', ADDDATE(ADDDATE(CURDATE(), -10), INTERVAL 15570 MINUTE)),
  (520, 473, b'1', ADDDATE(ADDDATE(CURDATE(), -10), INTERVAL 15600 MINUTE)),
  (521, 387, b'1', ADDDATE(ADDDATE(CURDATE(), -10), INTERVAL 15630 MINUTE)),
  (522, 247, b'0', ADDDATE(ADDDATE(CURDATE(), -10), INTERVAL 15660 MINUTE)),
  (523, 346, b'0', ADDDATE(ADDDATE(CURDATE(), -10), INTERVAL 15690 MINUTE)),
  (524, 312, b'1', ADDDATE(ADDDATE(CURDATE(), -10), INTERVAL 15720 MINUTE)),
  (525, 68, b'0', ADDDATE(ADDDATE(CURDATE(), -10), INTERVAL 15750 MINUTE)),
  (526, 269, b'1', ADDDATE(ADDDATE(CURDATE(), -10), INTERVAL 15780 MINUTE)),
  (527, 363, b'0', ADDDATE(ADDDATE(CURDATE(), -10), INTERVAL 15810 MINUTE)),
  (528, 305, b'1', ADDDATE(ADDDATE(CURDATE(), -10), INTERVAL 15840 MINUTE)),
  (529, 396, b'1', ADDDATE(ADDDATE(CURDATE(), -10), INTERVAL 15870 MINUTE)),
  (530, 234, b'1', ADDDATE(ADDDATE(CURDATE(), -10), INTERVAL 15900 MINUTE)),
  (531, 214, b'1', ADDDATE(ADDDATE(CURDATE(), -10), INTERVAL 15930 MINUTE)),
  (532, 145, b'1', ADDDATE(ADDDATE(CURDATE(), -10), INTERVAL 15960 MINUTE)),
  (533, 68, b'1', ADDDATE(ADDDATE(CURDATE(), -10), INTERVAL 15990 MINUTE)),
  (534, 63, b'1', ADDDATE(ADDDATE(CURDATE(), -10), INTERVAL 16020 MINUTE)),
  (535, 300, b'1', ADDDATE(ADDDATE(CURDATE(), -10), INTERVAL 16050 MINUTE)),
  (536, 212, b'0', ADDDATE(ADDDATE(CURDATE(), -10), INTERVAL 16080 MINUTE)),
  (537, 498, b'1', ADDDATE(ADDDATE(CURDATE(), -10), INTERVAL 16110 MINUTE)),
  (538, 306, b'0', ADDDATE(ADDDATE(CURDATE(), -10), INTERVAL 16140 MINUTE)),
  (539, 288, b'1', ADDDATE(ADDDATE(CURDATE(), -10), INTERVAL 16170 MINUTE)),
  (540, 370, b'1', ADDDATE(ADDDATE(CURDATE(), -10), INTERVAL 16200 MINUTE)),
  (541, 317, b'0', ADDDATE(ADDDATE(CURDATE(), -10), INTERVAL 16230 MINUTE)),
  (542, 200, b'1', ADDDATE(ADDDATE(CURDATE(), -10), INTERVAL 16260 MINUTE)),
  (543, 6, b'1', ADDDATE(ADDDATE(CURDATE(), -10), INTERVAL 16290 MINUTE)),
  (544, 398, b'0', ADDDATE(ADDDATE(CURDATE(), -10), INTERVAL 16320 MINUTE)),
  (545, 449, b'1', ADDDATE(ADDDATE(CURDATE(), -10), INTERVAL 16350 MINUTE)),
  (546, 379, b'0', ADDDATE(ADDDATE(CURDATE(), -10), INTERVAL 16380 MINUTE)),
  (547, 204, b'0', ADDDATE(ADDDATE(CURDATE(), -10), INTERVAL 16410 MINUTE)),
  (548, 494, b'1', ADDDATE(ADDDATE(CURDATE(), -10), INTERVAL 16440 MINUTE)),
  (549, 163, b'1', ADDDATE(ADDDATE(CURDATE(), -10), INTERVAL 16470 MINUTE)),
  (550, 495, b'0', ADDDATE(ADDDATE(CURDATE(), -10), INTERVAL 16500 MINUTE)),
  (551, 78, b'0', ADDDATE(ADDDATE(CURDATE(), -10), INTERVAL 16530 MINUTE)),
  (552, 221, b'0', ADDDATE(ADDDATE(CURDATE(), -10), INTERVAL 16560 MINUTE)),
  (553, 56, b'1', ADDDATE(ADDDATE(CURDATE(), -10), INTERVAL 16590 MINUTE)),
  (554, 79, b'1', ADDDATE(ADDDATE(CURDATE(), -10), INTERVAL 16620 MINUTE)),
  (555, 60, b'1', ADDDATE(ADDDATE(CURDATE(), -10), INTERVAL 16650 MINUTE)),
  (556, 410, b'1', ADDDATE(ADDDATE(CURDATE(), -10), INTERVAL 16680 MINUTE)),
  (557, 390, b'1', ADDDATE(ADDDATE(CURDATE(), -10), INTERVAL 16710 MINUTE)),
  (558, 230, b'1', ADDDATE(ADDDATE(CURDATE(), -10), INTERVAL 16740 MINUTE)),
  (559, 414, b'1', ADDDATE(ADDDATE(CURDATE(), -10), INTERVAL 16770 MINUTE)),
  (560, 314, b'0', ADDDATE(ADDDATE(CURDATE(), -10), INTERVAL 16800 MINUTE)),
  (561, 164, b'1', ADDDATE(ADDDATE(CURDATE(), -10), INTERVAL 16830 MINUTE)),
  (562, 158, b'1', ADDDATE(ADDDATE(CURDATE(), -10), INTERVAL 16860 MINUTE)),
  (563, 127, b'0', ADDDATE(ADDDATE(CURDATE(), -10), INTERVAL 16890 MINUTE)),
  (564, 255, b'0', ADDDATE(ADDDATE(CURDATE(), -10), INTERVAL 16920 MINUTE)),
  (565, 100, b'0', ADDDATE(ADDDATE(CURDATE(), -10), INTERVAL 16950 MINUTE)),
  (566, 172, b'1', ADDDATE(ADDDATE(CURDATE(), -10), INTERVAL 16980 MINUTE)),
  (567, 448, b'1', ADDDATE(ADDDATE(CURDATE(), -10), INTERVAL 17010 MINUTE)),
  (568, 440, b'1', ADDDATE(ADDDATE(CURDATE(), -10), INTERVAL 17040 MINUTE)),
  (569, 325, b'0', ADDDATE(ADDDATE(CURDATE(), -10), INTERVAL 17070 MINUTE)),
  (570, 357, b'0', ADDDATE(ADDDATE(CURDATE(), -10), INTERVAL 17100 MINUTE)),
  (571, 83, b'0', ADDDATE(ADDDATE(CURDATE(), -10), INTERVAL 17130 MINUTE)),
  (572, 228, b'1', ADDDATE(ADDDATE(CURDATE(), -10), INTERVAL 17160 MINUTE)),
  (573, 22, b'1', ADDDATE(ADDDATE(CURDATE(), -10), INTERVAL 17190 MINUTE)),
  (574, 22, b'0', ADDDATE(ADDDATE(CURDATE(), -10), INTERVAL 17220 MINUTE)),
  (575, 246, b'1', ADDDATE(ADDDATE(CURDATE(), -10), INTERVAL 17250 MINUTE)),
  (576, 467, b'1', ADDDATE(ADDDATE(CURDATE(), -10), INTERVAL 17280 MINUTE)),
  (577, 376, b'1', ADDDATE(ADDDATE(CURDATE(), -10), INTERVAL 17310 MINUTE)),
  (578, 172, b'0', ADDDATE(ADDDATE(CURDATE(), -10), INTERVAL 17340 MINUTE)),
  (579, 383, b'1', ADDDATE(ADDDATE(CURDATE(), -10), INTERVAL 17370 MINUTE)),
  (580, 37, b'1', ADDDATE(ADDDATE(CURDATE(), -10), INTERVAL 17400 MINUTE)),
  (581, 371, b'1', ADDDATE(ADDDATE(CURDATE(), -10), INTERVAL 17430 MINUTE)),
  (582, 351, b'0', ADDDATE(ADDDATE(CURDATE(), -10), INTERVAL 17460 MINUTE)),
  (583, 54, b'1', ADDDATE(ADDDATE(CURDATE(), -10), INTERVAL 17490 MINUTE)),
  (584, 358, b'0', ADDDATE(ADDDATE(CURDATE(), -10), INTERVAL 17520 MINUTE)),
  (585, 245, b'1', ADDDATE(ADDDATE(CURDATE(), -10), INTERVAL 17550 MINUTE)),
  (586, 487, b'0', ADDDATE(ADDDATE(CURDATE(), -10), INTERVAL 17580 MINUTE)),
  (587, 206, b'0', ADDDATE(ADDDATE(CURDATE(), -10), INTERVAL 17610 MINUTE)),
  (588, 329, b'1', ADDDATE(ADDDATE(CURDATE(), -10), INTERVAL 17640 MINUTE)),
  (589, 171, b'0', ADDDATE(ADDDATE(CURDATE(), -10), INTERVAL 17670 MINUTE)),
  (590, 268, b'0', ADDDATE(ADDDATE(CURDATE(), -10), INTERVAL 17700 MINUTE)),
  (591, 413, b'1', ADDDATE(ADDDATE(CURDATE(), -10), INTERVAL 17730 MINUTE)),
  (592, 469, b'0', ADDDATE(ADDDATE(CURDATE(), -10), INTERVAL 17760 MINUTE)),
  (593, 65, b'0', ADDDATE(ADDDATE(CURDATE(), -10), INTERVAL 17790 MINUTE)),
  (594, 302, b'0', ADDDATE(ADDDATE(CURDATE(), -10), INTERVAL 17820 MINUTE)),
  (595, 61, b'0', ADDDATE(ADDDATE(CURDATE(), -10), INTERVAL 17850 MINUTE)),
  (596, 337, b'1', ADDDATE(ADDDATE(CURDATE(), -10), INTERVAL 17880 MINUTE)),
  (597, 479, b'0', ADDDATE(ADDDATE(CURDATE(), -10), INTERVAL 17910 MINUTE)),
  (598, 441, b'1', ADDDATE(ADDDATE(CURDATE(), -10), INTERVAL 17940 MINUTE)),
  (599, 287, b'1', ADDDATE(ADDDATE(CURDATE(), -10), INTERVAL 17970 MINUTE)),
  (600, 266, b'0', ADDDATE(ADDDATE(CURDATE(), -10), INTERVAL 18000 MINUTE)),
  (601, 402, b'1', ADDDATE(ADDDATE(CURDATE(), -10), INTERVAL 18030 MINUTE)),
  (602, 455, b'0', ADDDATE(ADDDATE(CURDATE(), -10), INTERVAL 18060 MINUTE)),
  (603, 364, b'1', ADDDATE(ADDDATE(CURDATE(), -10), INTERVAL 18090 MINUTE)),
  (604, 486, b'1', ADDDATE(ADDDATE(CURDATE(), -10), INTERVAL 18120 MINUTE)),
  (605, 193, b'0', ADDDATE(ADDDATE(CURDATE(), -10), INTERVAL 18150 MINUTE)),
  (606, 430, b'1', ADDDATE(ADDDATE(CURDATE(), -10), INTERVAL 18180 MINUTE)),
  (607, 155, b'1', ADDDATE(ADDDATE(CURDATE(), -10), INTERVAL 18210 MINUTE)),
  (608, 494, b'0', ADDDATE(ADDDATE(CURDATE(), -10), INTERVAL 18240 MINUTE)),
  (609, 7, b'1', ADDDATE(ADDDATE(CURDATE(), -10), INTERVAL 18270 MINUTE)),
  (610, 289, b'0', ADDDATE(ADDDATE(CURDATE(), -10), INTERVAL 18300 MINUTE)),
  (611, 305, b'0', ADDDATE(ADDDATE(CURDATE(), -10), INTERVAL 18330 MINUTE)),
  (612, 425, b'0', ADDDATE(ADDDATE(CURDATE(), -10), INTERVAL 18360 MINUTE)),
  (613, 165, b'1', ADDDATE(ADDDATE(CURDATE(), -10), INTERVAL 18390 MINUTE)),
  (614, 140, b'0', ADDDATE(ADDDATE(CURDATE(), -10), INTERVAL 18420 MINUTE)),
  (615, 258, b'1', ADDDATE(ADDDATE(CURDATE(), -10), INTERVAL 18450 MINUTE)),
  (616, 170, b'1', ADDDATE(ADDDATE(CURDATE(), -10), INTERVAL 18480 MINUTE)),
  (617, 191, b'1', ADDDATE(ADDDATE(CURDATE(), -10), INTERVAL 18510 MINUTE)),
  (618, 188, b'0', ADDDATE(ADDDATE(CURDATE(), -10), INTERVAL 18540 MINUTE)),
  (619, 116, b'0', ADDDATE(ADDDATE(CURDATE(), -10), INTERVAL 18570 MINUTE)),
  (620, 324, b'1', ADDDATE(ADDDATE(CURDATE(), -10), INTERVAL 18600 MINUTE)),
  (621, 365, b'1', ADDDATE(ADDDATE(CURDATE(), -10), INTERVAL 18630 MINUTE)),
  (622, 162, b'0', ADDDATE(ADDDATE(CURDATE(), -10), INTERVAL 18660 MINUTE)),
  (623, 448, b'0', ADDDATE(ADDDATE(CURDATE(), -10), INTERVAL 18690 MINUTE)),
  (624, 456, b'1', ADDDATE(ADDDATE(CURDATE(), -10), INTERVAL 18720 MINUTE)),
  (625, 368, b'0', ADDDATE(ADDDATE(CURDATE(), -10), INTERVAL 18750 MINUTE)),
  (626, 341, b'1', ADDDATE(ADDDATE(CURDATE(), -10), INTERVAL 18780 MINUTE)),
  (627, 324, b'0', ADDDATE(ADDDATE(CURDATE(), -10), INTERVAL 18810 MINUTE)),
  (628, 163, b'0', ADDDATE(ADDDATE(CURDATE(), -10), INTERVAL 18840 MINUTE)),
  (629, 378, b'1', ADDDATE(ADDDATE(CURDATE(), -10), INTERVAL 18870 MINUTE)),
  (630, 219, b'1', ADDDATE(ADDDATE(CURDATE(), -10), INTERVAL 18900 MINUTE)),
  (631, 327, b'1', ADDDATE(ADDDATE(CURDATE(), -10), INTERVAL 18930 MINUTE)),
  (632, 296, b'0', ADDDATE(ADDDATE(CURDATE(), -10), INTERVAL 18960 MINUTE)),
  (633, 346, b'1', ADDDATE(ADDDATE(CURDATE(), -10), INTERVAL 18990 MINUTE)),
  (634, 177, b'1', ADDDATE(ADDDATE(CURDATE(), -10), INTERVAL 19020 MINUTE)),
  (635, 66, b'1', ADDDATE(ADDDATE(CURDATE(), -10), INTERVAL 19050 MINUTE)),
  (636, 151, b'0', ADDDATE(ADDDATE(CURDATE(), -10), INTERVAL 19080 MINUTE)),
  (637, 365, b'0', ADDDATE(ADDDATE(CURDATE(), -10), INTERVAL 19110 MINUTE)),
  (638, 460, b'1', ADDDATE(ADDDATE(CURDATE(), -10), INTERVAL 19140 MINUTE)),
  (639, 166, b'0', ADDDATE(ADDDATE(CURDATE(), -10), INTERVAL 19170 MINUTE)),
  (640, 153, b'1', ADDDATE(ADDDATE(CURDATE(), -10), INTERVAL 19200 MINUTE)),
  (641, 437, b'1', ADDDATE(ADDDATE(CURDATE(), -10), INTERVAL 19230 MINUTE)),
  (642, 422, b'0', ADDDATE(ADDDATE(CURDATE(), -10), INTERVAL 19260 MINUTE)),
  (643, 354, b'1', ADDDATE(ADDDATE(CURDATE(), -10), INTERVAL 19290 MINUTE)),
  (644, 111, b'1', ADDDATE(ADDDATE(CURDATE(), -10), INTERVAL 19320 MINUTE)),
  (645, 15, b'1', ADDDATE(ADDDATE(CURDATE(), -10), INTERVAL 19350 MINUTE)),
  (646, 219, b'0', ADDDATE(ADDDATE(CURDATE(), -10), INTERVAL 19380 MINUTE)),
  (647, 40, b'1', ADDDATE(ADDDATE(CURDATE(), -10), INTERVAL 19410 MINUTE)),
  (648, 303, b'1', ADDDATE(ADDDATE(CURDATE(), -10), INTERVAL 19440 MINUTE)),
  (649, 222, b'0', ADDDATE(ADDDATE(CURDATE(), -10), INTERVAL 19470 MINUTE)),
  (650, 179, b'1', ADDDATE(ADDDATE(CURDATE(), -10), INTERVAL 19500 MINUTE)),
  (651, 226, b'0', ADDDATE(ADDDATE(CURDATE(), -10), INTERVAL 19530 MINUTE)),
  (652, 441, b'0', ADDDATE(ADDDATE(CURDATE(), -10), INTERVAL 19560 MINUTE)),
  (653, 285, b'0', ADDDATE(ADDDATE(CURDATE(), -10), INTERVAL 19590 MINUTE)),
  (654, 217, b'0', ADDDATE(ADDDATE(CURDATE(), -10), INTERVAL 19620 MINUTE)),
  (655, 412, b'0', ADDDATE(ADDDATE(CURDATE(), -10), INTERVAL 19650 MINUTE)),
  (656, 318, b'1', ADDDATE(ADDDATE(CURDATE(), -10), INTERVAL 19680 MINUTE)),
  (657, 267, b'1', ADDDATE(ADDDATE(CURDATE(), -10), INTERVAL 19710 MINUTE)),
  (658, 379, b'1', ADDDATE(ADDDATE(CURDATE(), -10), INTERVAL 19740 MINUTE)),
  (659, 138, b'0', ADDDATE(ADDDATE(CURDATE(), -10), INTERVAL 19770 MINUTE)),
  (660, 267, b'0', ADDDATE(ADDDATE(CURDATE(), -10), INTERVAL 19800 MINUTE)),
  (661, 372, b'1', ADDDATE(ADDDATE(CURDATE(), -10), INTERVAL 19830 MINUTE)),
  (662, 338, b'0', ADDDATE(ADDDATE(CURDATE(), -10), INTERVAL 19860 MINUTE)),
  (663, 354, b'0', ADDDATE(ADDDATE(CURDATE(), -10), INTERVAL 19890 MINUTE)),
  (664, 210, b'0', ADDDATE(ADDDATE(CURDATE(), -10), INTERVAL 19920 MINUTE)),
  (665, 145, b'0', ADDDATE(ADDDATE(CURDATE(), -10), INTERVAL 19950 MINUTE)),
  (666, 104, b'1', ADDDATE(ADDDATE(CURDATE(), -10), INTERVAL 19980 MINUTE)),
  (667, 397, b'0', ADDDATE(ADDDATE(CURDATE(), -10), INTERVAL 20010 MINUTE)),
  (668, 52, b'1', ADDDATE(ADDDATE(CURDATE(), -10), INTERVAL 20040 MINUTE)),
  (669, 248, b'1', ADDDATE(ADDDATE(CURDATE(), -10), INTERVAL 20070 MINUTE)),
  (670, 206, b'1', ADDDATE(ADDDATE(CURDATE(), -10), INTERVAL 20100 MINUTE)),
  (671, 44, b'1', ADDDATE(ADDDATE(CURDATE(), -10), INTERVAL 20130 MINUTE)),
  (672, 101, b'1', ADDDATE(ADDDATE(CURDATE(), -10), INTERVAL 20160 MINUTE)),
  (673, 41, b'0', ADDDATE(ADDDATE(CURDATE(), -10), INTERVAL 20190 MINUTE)),
  (674, 6, b'0', ADDDATE(ADDDATE(CURDATE(), -10), INTERVAL 20220 MINUTE)),
  (675, 277, b'1', ADDDATE(ADDDATE(CURDATE(), -10), INTERVAL 20250 MINUTE)),
  (676, 401, b'1', ADDDATE(ADDDATE(CURDATE(), -10), INTERVAL 20280 MINUTE)),
  (677, 15, b'0', ADDDATE(ADDDATE(CURDATE(), -10), INTERVAL 20310 MINUTE)),
  (678, 216, b'1', ADDDATE(ADDDATE(CURDATE(), -10), INTERVAL 20340 MINUTE)),
  (679, 89, b'1', ADDDATE(ADDDATE(CURDATE(), -10), INTERVAL 20370 MINUTE)),
  (680, 423, b'1', ADDDATE(ADDDATE(CURDATE(), -10), INTERVAL 20400 MINUTE)),
  (681, 89, b'0', ADDDATE(ADDDATE(CURDATE(), -10), INTERVAL 20430 MINUTE)),
  (682, 428, b'0', ADDDATE(ADDDATE(CURDATE(), -10), INTERVAL 20460 MINUTE)),
  (683, 270, b'1', ADDDATE(ADDDATE(CURDATE(), -10), INTERVAL 20490 MINUTE)),
  (684, 339, b'1', ADDDATE(ADDDATE(CURDATE(), -10), INTERVAL 20520 MINUTE)),
  (685, 404, b'1', ADDDATE(ADDDATE(CURDATE(), -10), INTERVAL 20550 MINUTE)),
  (686, 485, b'1', ADDDATE(ADDDATE(CURDATE(), -10), INTERVAL 20580 MINUTE)),
  (687, 456, b'0', ADDDATE(ADDDATE(CURDATE(), -10), INTERVAL 20610 MINUTE)),
  (688, 305, b'1', ADDDATE(ADDDATE(CURDATE(), -10), INTERVAL 20640 MINUTE)),
  (689, 282, b'1', ADDDATE(ADDDATE(CURDATE(), -10), INTERVAL 20670 MINUTE)),
  (690, 183, b'0', ADDDATE(ADDDATE(CURDATE(), -10), INTERVAL 20700 MINUTE)),
  (691, 87, b'0', ADDDATE(ADDDATE(CURDATE(), -10), INTERVAL 20730 MINUTE)),
  (692, 320, b'1', ADDDATE(ADDDATE(CURDATE(), -10), INTERVAL 20760 MINUTE)),
  (693, 201, b'1', ADDDATE(ADDDATE(CURDATE(), -10), INTERVAL 20790 MINUTE)),
  (694, 211, b'1', ADDDATE(ADDDATE(CURDATE(), -10), INTERVAL 20820 MINUTE)),
  (695, 493, b'0', ADDDATE(ADDDATE(CURDATE(), -10), INTERVAL 20850 MINUTE)),
  (696, 47, b'1', ADDDATE(ADDDATE(CURDATE(), -10), INTERVAL 20880 MINUTE)),
  (697, 98, b'0', ADDDATE(ADDDATE(CURDATE(), -10), INTERVAL 20910 MINUTE)),
  (698, 217, b'1', ADDDATE(ADDDATE(CURDATE(), -10), INTERVAL 20940 MINUTE)),
  (699, 456, b'1', ADDDATE(ADDDATE(CURDATE(), -10), INTERVAL 20970 MINUTE)),
  (700, 137, b'1', ADDDATE(ADDDATE(CURDATE(), -10), INTERVAL 21000 MINUTE)),
  (701, 151, b'1', ADDDATE(ADDDATE(CURDATE(), -10), INTERVAL 21030 MINUTE)),
  (702, 157, b'1', ADDDATE(ADDDATE(CURDATE(), -10), INTERVAL 21060 MINUTE)),
  (703, 297, b'1', ADDDATE(ADDDATE(CURDATE(), -10), INTERVAL 21090 MINUTE)),
  (704, 444, b'1', ADDDATE(ADDDATE(CURDATE(), -10), INTERVAL 21120 MINUTE)),
  (705, 109, b'1', ADDDATE(ADDDATE(CURDATE(), -10), INTERVAL 21150 MINUTE)),
  (706, 474, b'0', ADDDATE(ADDDATE(CURDATE(), -10), INTERVAL 21180 MINUTE)),
  (707, 297, b'0', ADDDATE(ADDDATE(CURDATE(), -10), INTERVAL 21210 MINUTE)),
  (708, 404, b'0', ADDDATE(ADDDATE(CURDATE(), -10), INTERVAL 21240 MINUTE)),
  (709, 83, b'1', ADDDATE(ADDDATE(CURDATE(), -10), INTERVAL 21270 MINUTE)),
  (710, 317, b'1', ADDDATE(ADDDATE(CURDATE(), -10), INTERVAL 21300 MINUTE)),
  (711, 277, b'0', ADDDATE(ADDDATE(CURDATE(), -10), INTERVAL 21330 MINUTE)),
  (712, 66, b'0', ADDDATE(ADDDATE(CURDATE(), -10), INTERVAL 21360 MINUTE)),
  (713, 179, b'0', ADDDATE(ADDDATE(CURDATE(), -10), INTERVAL 21390 MINUTE)),
  (714, 498, b'0', ADDDATE(ADDDATE(CURDATE(), -10), INTERVAL 21420 MINUTE)),
  (715, 77, b'0', ADDDATE(ADDDATE(CURDATE(), -10), INTERVAL 21450 MINUTE)),
  (716, 467, b'0', ADDDATE(ADDDATE(CURDATE(), -10), INTERVAL 21480 MINUTE)),
  (717, 478, b'0', ADDDATE(ADDDATE(CURDATE(), -10), INTERVAL 21510 MINUTE)),
  (718, 88, b'0', ADDDATE(ADDDATE(CURDATE(), -10), INTERVAL 21540 MINUTE)),
  (719, 56, b'0', ADDDATE(ADDDATE(CURDATE(), -10), INTERVAL 21570 MINUTE)),
  (720, 400, b'1', ADDDATE(ADDDATE(CURDATE(), -10), INTERVAL 21600 MINUTE)),
  (721, 3, b'0', ADDDATE(ADDDATE(CURDATE(), -10), INTERVAL 21630 MINUTE)),
  (722, 316, b'0', ADDDATE(ADDDATE(CURDATE(), -10), INTERVAL 21660 MINUTE)),
  (723, 447, b'0', ADDDATE(ADDDATE(CURDATE(), -10), INTERVAL 21690 MINUTE)),
  (724, 56, b'1', ADDDATE(ADDDATE(CURDATE(), -10), INTERVAL 21720 MINUTE)),
  (725, 191, b'0', ADDDATE(ADDDATE(CURDATE(), -10), INTERVAL 21750 MINUTE)),
  (726, 67, b'1', ADDDATE(ADDDATE(CURDATE(), -10), INTERVAL 21780 MINUTE)),
  (727, 450, b'0', ADDDATE(ADDDATE(CURDATE(), -10), INTERVAL 21810 MINUTE)),
  (728, 500, b'1', ADDDATE(ADDDATE(CURDATE(), -10), INTERVAL 21840 MINUTE)),
  (729, 110, b'0', ADDDATE(ADDDATE(CURDATE(), -10), INTERVAL 21870 MINUTE)),
  (730, 358, b'1', ADDDATE(ADDDATE(CURDATE(), -10), INTERVAL 21900 MINUTE)),
  (731, 166, b'1', ADDDATE(ADDDATE(CURDATE(), -10), INTERVAL 21930 MINUTE)),
  (732, 463, b'1', ADDDATE(ADDDATE(CURDATE(), -10), INTERVAL 21960 MINUTE)),
  (733, 399, b'0', ADDDATE(ADDDATE(CURDATE(), -10), INTERVAL 21990 MINUTE)),
  (734, 246, b'0', ADDDATE(ADDDATE(CURDATE(), -10), INTERVAL 22020 MINUTE)),
  (735, 323, b'1', ADDDATE(ADDDATE(CURDATE(), -10), INTERVAL 22050 MINUTE)),
  (736, 277, b'1', ADDDATE(ADDDATE(CURDATE(), -10), INTERVAL 22080 MINUTE)),
  (737, 282, b'0', ADDDATE(ADDDATE(CURDATE(), -10), INTERVAL 22110 MINUTE)),
  (738, 232, b'0', ADDDATE(ADDDATE(CURDATE(), -10), INTERVAL 22140 MINUTE)),
  (739, 443, b'1', ADDDATE(ADDDATE(CURDATE(), -10), INTERVAL 22170 MINUTE)),
  (740, 260, b'1', ADDDATE(ADDDATE(CURDATE(), -10), INTERVAL 22200 MINUTE)),
  (741, 402, b'0', ADDDATE(ADDDATE(CURDATE(), -10), INTERVAL 22230 MINUTE)),
  (742, 455, b'1', ADDDATE(ADDDATE(CURDATE(), -10), INTERVAL 22260 MINUTE)),
  (743, 464, b'0', ADDDATE(ADDDATE(CURDATE(), -10), INTERVAL 22290 MINUTE)),
  (744, 146, b'1', ADDDATE(ADDDATE(CURDATE(), -10), INTERVAL 22320 MINUTE)),
  (745, 363, b'1', ADDDATE(ADDDATE(CURDATE(), -10), INTERVAL 22350 MINUTE)),
  (746, 357, b'1', ADDDATE(ADDDATE(CURDATE(), -10), INTERVAL 22380 MINUTE)),
  (747, 198, b'1', ADDDATE(ADDDATE(CURDATE(), -10), INTERVAL 22410 MINUTE)),
  (748, 351, b'1', ADDDATE(ADDDATE(CURDATE(), -10), INTERVAL 22440 MINUTE)),
  (749, 264, b'0', ADDDATE(ADDDATE(CURDATE(), -10), INTERVAL 22470 MINUTE)),
  (750, 341, b'0', ADDDATE(ADDDATE(CURDATE(), -10), INTERVAL 22500 MINUTE)),
  (751, 313, b'1', ADDDATE(ADDDATE(CURDATE(), -10), INTERVAL 22530 MINUTE)),
  (752, 219, b'1', ADDDATE(ADDDATE(CURDATE(), -10), INTERVAL 22560 MINUTE)),
  (753, 145, b'1', ADDDATE(ADDDATE(CURDATE(), -10), INTERVAL 22590 MINUTE)),
  (754, 260, b'0', ADDDATE(ADDDATE(CURDATE(), -10), INTERVAL 22620 MINUTE)),
  (755, 281, b'1', ADDDATE(ADDDATE(CURDATE(), -10), INTERVAL 22650 MINUTE)),
  (756, 167, b'0', ADDDATE(ADDDATE(CURDATE(), -10), INTERVAL 22680 MINUTE)),
  (757, 251, b'0', ADDDATE(ADDDATE(CURDATE(), -10), INTERVAL 22710 MINUTE)),
  (758, 319, b'1', ADDDATE(ADDDATE(CURDATE(), -10), INTERVAL 22740 MINUTE)),
  (759, 452, b'0', ADDDATE(ADDDATE(CURDATE(), -10), INTERVAL 22770 MINUTE)),
  (760, 55, b'1', ADDDATE(ADDDATE(CURDATE(), -10), INTERVAL 22800 MINUTE)),
  (761, 25, b'0', ADDDATE(ADDDATE(CURDATE(), -10), INTERVAL 22830 MINUTE)),
  (762, 476, b'1', ADDDATE(ADDDATE(CURDATE(), -10), INTERVAL 22860 MINUTE)),
  (763, 372, b'0', ADDDATE(ADDDATE(CURDATE(), -10), INTERVAL 22890 MINUTE)),
  (764, 12, b'0', ADDDATE(ADDDATE(CURDATE(), -10), INTERVAL 22920 MINUTE)),
  (765, 203, b'1', ADDDATE(ADDDATE(CURDATE(), -10), INTERVAL 22950 MINUTE)),
  (766, 112, b'1', ADDDATE(ADDDATE(CURDATE(), -10), INTERVAL 22980 MINUTE)),
  (767, 433, b'1', ADDDATE(ADDDATE(CURDATE(), -10), INTERVAL 23010 MINUTE)),
  (768, 457, b'1', ADDDATE(ADDDATE(CURDATE(), -10), INTERVAL 23040 MINUTE)),
  (769, 444, b'0', ADDDATE(ADDDATE(CURDATE(), -10), INTERVAL 23070 MINUTE)),
  (770, 265, b'1', ADDDATE(ADDDATE(CURDATE(), -10), INTERVAL 23100 MINUTE)),
  (771, 435, b'0', ADDDATE(ADDDATE(CURDATE(), -10), INTERVAL 23130 MINUTE)),
  (772, 360, b'0', ADDDATE(ADDDATE(CURDATE(), -10), INTERVAL 23160 MINUTE)),
  (773, 130, b'1', ADDDATE(ADDDATE(CURDATE(), -10), INTERVAL 23190 MINUTE)),
  (774, 114, b'0', ADDDATE(ADDDATE(CURDATE(), -10), INTERVAL 23220 MINUTE)),
  (775, 104, b'0', ADDDATE(ADDDATE(CURDATE(), -10), INTERVAL 23250 MINUTE)),
  (776, 306, b'1', ADDDATE(ADDDATE(CURDATE(), -10), INTERVAL 23280 MINUTE)),
  (777, 386, b'1', ADDDATE(ADDDATE(CURDATE(), -10), INTERVAL 23310 MINUTE)),
  (778, 441, b'1', ADDDATE(ADDDATE(CURDATE(), -10), INTERVAL 23340 MINUTE)),
  (779, 139, b'0', ADDDATE(ADDDATE(CURDATE(), -10), INTERVAL 23370 MINUTE)),
  (780, 254, b'1', ADDDATE(ADDDATE(CURDATE(), -10), INTERVAL 23400 MINUTE)),
  (781, 168, b'1', ADDDATE(ADDDATE(CURDATE(), -10), INTERVAL 23430 MINUTE)),
  (782, 372, b'1', ADDDATE(ADDDATE(CURDATE(), -10), INTERVAL 23460 MINUTE)),
  (783, 51, b'1', ADDDATE(ADDDATE(CURDATE(), -10), INTERVAL 23490 MINUTE)),
  (784, 35, b'1', ADDDATE(ADDDATE(CURDATE(), -10), INTERVAL 23520 MINUTE)),
  (785, 433, b'0', ADDDATE(ADDDATE(CURDATE(), -10), INTERVAL 23550 MINUTE)),
  (786, 390, b'0', ADDDATE(ADDDATE(CURDATE(), -10), INTERVAL 23580 MINUTE)),
  (787, 192, b'1', ADDDATE(ADDDATE(CURDATE(), -10), INTERVAL 23610 MINUTE)),
  (788, 500, b'0', ADDDATE(ADDDATE(CURDATE(), -10), INTERVAL 23640 MINUTE)),
  (789, 406, b'1', ADDDATE(ADDDATE(CURDATE(), -10), INTERVAL 23670 MINUTE)),
  (790, 260, b'1', ADDDATE(ADDDATE(CURDATE(), -10), INTERVAL 23700 MINUTE)),
  (791, 237, b'0', ADDDATE(ADDDATE(CURDATE(), -10), INTERVAL 23730 MINUTE)),
  (792, 268, b'1', ADDDATE(ADDDATE(CURDATE(), -10), INTERVAL 23760 MINUTE)),
  (793, 267, b'1', ADDDATE(ADDDATE(CURDATE(), -10), INTERVAL 23790 MINUTE)),
  (794, 126, b'1', ADDDATE(ADDDATE(CURDATE(), -10), INTERVAL 23820 MINUTE)),
  (795, 39, b'0', ADDDATE(ADDDATE(CURDATE(), -10), INTERVAL 23850 MINUTE)),
  (796, 132, b'0', ADDDATE(ADDDATE(CURDATE(), -10), INTERVAL 23880 MINUTE)),
  (797, 347, b'0', ADDDATE(ADDDATE(CURDATE(), -10), INTERVAL 23910 MINUTE)),
  (798, 391, b'1', ADDDATE(ADDDATE(CURDATE(), -10), INTERVAL 23940 MINUTE)),
  (799, 457, b'0', ADDDATE(ADDDATE(CURDATE(), -10), INTERVAL 23970 MINUTE)),
  (800, 141, b'1', ADDDATE(ADDDATE(CURDATE(), -10), INTERVAL 24000 MINUTE)),
  (801, 234, b'0', ADDDATE(ADDDATE(CURDATE(), -10), INTERVAL 24030 MINUTE)),
  (802, 396, b'0', ADDDATE(ADDDATE(CURDATE(), -10), INTERVAL 24060 MINUTE)),
  (803, 386, b'0', ADDDATE(ADDDATE(CURDATE(), -10), INTERVAL 24090 MINUTE)),
  (804, 47, b'0', ADDDATE(ADDDATE(CURDATE(), -10), INTERVAL 24120 MINUTE)),
  (805, 218, b'1', ADDDATE(ADDDATE(CURDATE(), -10), INTERVAL 24150 MINUTE)),
  (806, 5, b'1', ADDDATE(ADDDATE(CURDATE(), -10), INTERVAL 24180 MINUTE)),
  (807, 296, b'1', ADDDATE(ADDDATE(CURDATE(), -10), INTERVAL 24210 MINUTE)),
  (808, 391, b'0', ADDDATE(ADDDATE(CURDATE(), -10), INTERVAL 24240 MINUTE)),
  (809, 72, b'0', ADDDATE(ADDDATE(CURDATE(), -10), INTERVAL 24270 MINUTE)),
  (810, 136, b'0', ADDDATE(ADDDATE(CURDATE(), -10), INTERVAL 24300 MINUTE)),
  (811, 291, b'1', ADDDATE(ADDDATE(CURDATE(), -10), INTERVAL 24330 MINUTE)),
  (812, 154, b'1', ADDDATE(ADDDATE(CURDATE(), -10), INTERVAL 24360 MINUTE)),
  (813, 167, b'1', ADDDATE(ADDDATE(CURDATE(), -10), INTERVAL 24390 MINUTE)),
  (814, 17, b'1', ADDDATE(ADDDATE(CURDATE(), -10), INTERVAL 24420 MINUTE)),
  (815, 231, b'1', ADDDATE(ADDDATE(CURDATE(), -10), INTERVAL 24450 MINUTE)),
  (816, 416, b'1', ADDDATE(ADDDATE(CURDATE(), -10), INTERVAL 24480 MINUTE)),
  (817, 79, b'0', ADDDATE(ADDDATE(CURDATE(), -10), INTERVAL 24510 MINUTE)),
  (818, 461, b'0', ADDDATE(ADDDATE(CURDATE(), -10), INTERVAL 24540 MINUTE)),
  (819, 380, b'1', ADDDATE(ADDDATE(CURDATE(), -10), INTERVAL 24570 MINUTE)),
  (820, 412, b'1', ADDDATE(ADDDATE(CURDATE(), -10), INTERVAL 24600 MINUTE)),
  (821, 335, b'0', ADDDATE(ADDDATE(CURDATE(), -10), INTERVAL 24630 MINUTE)),
  (822, 75, b'0', ADDDATE(ADDDATE(CURDATE(), -10), INTERVAL 24660 MINUTE)),
  (823, 140, b'1', ADDDATE(ADDDATE(CURDATE(), -10), INTERVAL 24690 MINUTE)),
  (824, 74, b'0', ADDDATE(ADDDATE(CURDATE(), -10), INTERVAL 24720 MINUTE)),
  (825, 416, b'0', ADDDATE(ADDDATE(CURDATE(), -10), INTERVAL 24750 MINUTE)),
  (826, 291, b'0', ADDDATE(ADDDATE(CURDATE(), -10), INTERVAL 24780 MINUTE)),
  (827, 436, b'1', ADDDATE(ADDDATE(CURDATE(), -10), INTERVAL 24810 MINUTE)),
  (828, 145, b'0', ADDDATE(ADDDATE(CURDATE(), -10), INTERVAL 24840 MINUTE)),
  (829, 353, b'0', ADDDATE(ADDDATE(CURDATE(), -10), INTERVAL 24870 MINUTE)),
  (830, 101, b'0', ADDDATE(ADDDATE(CURDATE(), -10), INTERVAL 24900 MINUTE)),
  (831, 463, b'0', ADDDATE(ADDDATE(CURDATE(), -10), INTERVAL 24930 MINUTE)),
  (832, 183, b'1', ADDDATE(ADDDATE(CURDATE(), -10), INTERVAL 24960 MINUTE)),
  (833, 193, b'1', ADDDATE(ADDDATE(CURDATE(), -10), INTERVAL 24990 MINUTE)),
  (834, 224, b'1', ADDDATE(ADDDATE(CURDATE(), -10), INTERVAL 25020 MINUTE)),
  (835, 500, b'1', ADDDATE(ADDDATE(CURDATE(), -10), INTERVAL 25050 MINUTE)),
  (836, 277, b'0', ADDDATE(ADDDATE(CURDATE(), -10), INTERVAL 25080 MINUTE)),
  (837, 244, b'1', ADDDATE(ADDDATE(CURDATE(), -10), INTERVAL 25110 MINUTE)),
  (838, 282, b'1', ADDDATE(ADDDATE(CURDATE(), -10), INTERVAL 25140 MINUTE)),
  (839, 421, b'1', ADDDATE(ADDDATE(CURDATE(), -10), INTERVAL 25170 MINUTE)),
  (840, 428, b'1', ADDDATE(ADDDATE(CURDATE(), -10), INTERVAL 25200 MINUTE)),
  (841, 430, b'0', ADDDATE(ADDDATE(CURDATE(), -10), INTERVAL 25230 MINUTE)),
  (842, 402, b'1', ADDDATE(ADDDATE(CURDATE(), -10), INTERVAL 25260 MINUTE)),
  (843, 462, b'1', ADDDATE(ADDDATE(CURDATE(), -10), INTERVAL 25290 MINUTE)),
  (844, 492, b'1', ADDDATE(ADDDATE(CURDATE(), -10), INTERVAL 25320 MINUTE)),
  (845, 253, b'0', ADDDATE(ADDDATE(CURDATE(), -10), INTERVAL 25350 MINUTE)),
  (846, 409, b'1', ADDDATE(ADDDATE(CURDATE(), -10), INTERVAL 25380 MINUTE)),
  (847, 65, b'1', ADDDATE(ADDDATE(CURDATE(), -10), INTERVAL 25410 MINUTE)),
  (848, 453, b'1', ADDDATE(ADDDATE(CURDATE(), -10), INTERVAL 25440 MINUTE)),
  (849, 182, b'1', ADDDATE(ADDDATE(CURDATE(), -10), INTERVAL 25470 MINUTE)),
  (850, 224, b'0', ADDDATE(ADDDATE(CURDATE(), -10), INTERVAL 25500 MINUTE)),
  (851, 494, b'1', ADDDATE(ADDDATE(CURDATE(), -10), INTERVAL 25530 MINUTE)),
  (852, 71, b'0', ADDDATE(ADDDATE(CURDATE(), -10), INTERVAL 25560 MINUTE)),
  (853, 1, b'0', ADDDATE(ADDDATE(CURDATE(), -10), INTERVAL 25590 MINUTE)),
  (854, 49, b'1', ADDDATE(ADDDATE(CURDATE(), -10), INTERVAL 25620 MINUTE)),
  (855, 198, b'0', ADDDATE(ADDDATE(CURDATE(), -10), INTERVAL 25650 MINUTE)),
  (856, 393, b'0', ADDDATE(ADDDATE(CURDATE(), -10), INTERVAL 25680 MINUTE)),
  (857, 475, b'1', ADDDATE(ADDDATE(CURDATE(), -10), INTERVAL 25710 MINUTE)),
  (858, 492, b'0', ADDDATE(ADDDATE(CURDATE(), -10), INTERVAL 25740 MINUTE)),
  (859, 268, b'0', ADDDATE(ADDDATE(CURDATE(), -10), INTERVAL 25770 MINUTE)),
  (860, 471, b'0', ADDDATE(ADDDATE(CURDATE(), -10), INTERVAL 25800 MINUTE)),
  (861, 312, b'0', ADDDATE(ADDDATE(CURDATE(), -10), INTERVAL 25830 MINUTE)),
  (862, 396, b'1', ADDDATE(ADDDATE(CURDATE(), -10), INTERVAL 25860 MINUTE)),
  (863, 149, b'1', ADDDATE(ADDDATE(CURDATE(), -10), INTERVAL 25890 MINUTE)),
  (864, 486, b'0', ADDDATE(ADDDATE(CURDATE(), -10), INTERVAL 25920 MINUTE)),
  (865, 322, b'1', ADDDATE(ADDDATE(CURDATE(), -10), INTERVAL 25950 MINUTE)),
  (866, 168, b'0', ADDDATE(ADDDATE(CURDATE(), -10), INTERVAL 25980 MINUTE)),
  (867, 342, b'1', ADDDATE(ADDDATE(CURDATE(), -10), INTERVAL 26010 MINUTE)),
  (868, 159, b'1', ADDDATE(ADDDATE(CURDATE(), -10), INTERVAL 26040 MINUTE)),
  (869, 70, b'0', ADDDATE(ADDDATE(CURDATE(), -10), INTERVAL 26070 MINUTE)),
  (870, 300, b'0', ADDDATE(ADDDATE(CURDATE(), -10), INTERVAL 26100 MINUTE)),
  (871, 299, b'1', ADDDATE(ADDDATE(CURDATE(), -10), INTERVAL 26130 MINUTE)),
  (872, 467, b'1', ADDDATE(ADDDATE(CURDATE(), -10), INTERVAL 26160 MINUTE)),
  (873, 455, b'0', ADDDATE(ADDDATE(CURDATE(), -10), INTERVAL 26190 MINUTE)),
  (874, 366, b'1', ADDDATE(ADDDATE(CURDATE(), -10), INTERVAL 26220 MINUTE)),
  (875, 286, b'0', ADDDATE(ADDDATE(CURDATE(), -10), INTERVAL 26250 MINUTE)),
  (876, 283, b'1', ADDDATE(ADDDATE(CURDATE(), -10), INTERVAL 26280 MINUTE)),
  (877, 420, b'1', ADDDATE(ADDDATE(CURDATE(), -10), INTERVAL 26310 MINUTE)),
  (878, 109, b'0', ADDDATE(ADDDATE(CURDATE(), -10), INTERVAL 26340 MINUTE)),
  (879, 403, b'1', ADDDATE(ADDDATE(CURDATE(), -10), INTERVAL 26370 MINUTE)),
  (880, 439, b'0', ADDDATE(ADDDATE(CURDATE(), -10), INTERVAL 26400 MINUTE)),
  (881, 433, b'1', ADDDATE(ADDDATE(CURDATE(), -10), INTERVAL 26430 MINUTE)),
  (882, 426, b'0', ADDDATE(ADDDATE(CURDATE(), -10), INTERVAL 26460 MINUTE)),
  (883, 398, b'1', ADDDATE(ADDDATE(CURDATE(), -10), INTERVAL 26490 MINUTE)),
  (884, 134, b'1', ADDDATE(ADDDATE(CURDATE(), -10), INTERVAL 26520 MINUTE)),
  (885, 8, b'0', ADDDATE(ADDDATE(CURDATE(), -10), INTERVAL 26550 MINUTE)),
  (886, 184, b'1', ADDDATE(ADDDATE(CURDATE(), -10), INTERVAL 26580 MINUTE)),
  (887, 428, b'0', ADDDATE(ADDDATE(CURDATE(), -10), INTERVAL 26610 MINUTE)),
  (888, 292, b'1', ADDDATE(ADDDATE(CURDATE(), -10), INTERVAL 26640 MINUTE)),
  (889, 446, b'1', ADDDATE(ADDDATE(CURDATE(), -10), INTERVAL 26670 MINUTE)),
  (890, 128, b'1', ADDDATE(ADDDATE(CURDATE(), -10), INTERVAL 26700 MINUTE)),
  (891, 367, b'0', ADDDATE(ADDDATE(CURDATE(), -10), INTERVAL 26730 MINUTE)),
  (892, 219, b'0', ADDDATE(ADDDATE(CURDATE(), -10), INTERVAL 26760 MINUTE)),
  (893, 399, b'1', ADDDATE(ADDDATE(CURDATE(), -10), INTERVAL 26790 MINUTE)),
  (894, 132, b'1', ADDDATE(ADDDATE(CURDATE(), -10), INTERVAL 26820 MINUTE)),
  (895, 113, b'0', ADDDATE(ADDDATE(CURDATE(), -10), INTERVAL 26850 MINUTE)),
  (896, 120, b'0', ADDDATE(ADDDATE(CURDATE(), -10), INTERVAL 26880 MINUTE)),
  (897, 144, b'1', ADDDATE(ADDDATE(CURDATE(), -10), INTERVAL 26910 MINUTE)),
  (898, 43, b'0', ADDDATE(ADDDATE(CURDATE(), -10), INTERVAL 26940 MINUTE)),
  (899, 420, b'0', ADDDATE(ADDDATE(CURDATE(), -10), INTERVAL 26970 MINUTE)),
  (900, 239, b'1', ADDDATE(ADDDATE(CURDATE(), -10), INTERVAL 27000 MINUTE)),
  (901, 447, b'1', ADDDATE(ADDDATE(CURDATE(), -10), INTERVAL 27030 MINUTE)),
  (902, 266, b'1', ADDDATE(ADDDATE(CURDATE(), -10), INTERVAL 27060 MINUTE)),
  (903, 140, b'0', ADDDATE(ADDDATE(CURDATE(), -10), INTERVAL 27090 MINUTE)),
  (904, 113, b'1', ADDDATE(ADDDATE(CURDATE(), -10), INTERVAL 27120 MINUTE)),
  (905, 155, b'0', ADDDATE(ADDDATE(CURDATE(), -10), INTERVAL 27150 MINUTE)),
  (906, 319, b'0', ADDDATE(ADDDATE(CURDATE(), -10), INTERVAL 27180 MINUTE)),
  (907, 120, b'1', ADDDATE(ADDDATE(CURDATE(), -10), INTERVAL 27210 MINUTE)),
  (908, 376, b'0', ADDDATE(ADDDATE(CURDATE(), -10), INTERVAL 27240 MINUTE)),
  (909, 182, b'0', ADDDATE(ADDDATE(CURDATE(), -10), INTERVAL 27270 MINUTE)),
  (910, 75, b'1', ADDDATE(ADDDATE(CURDATE(), -10), INTERVAL 27300 MINUTE)),
  (911, 51, b'0', ADDDATE(ADDDATE(CURDATE(), -10), INTERVAL 27330 MINUTE)),
  (912, 334, b'0', ADDDATE(ADDDATE(CURDATE(), -10), INTERVAL 27360 MINUTE)),
  (913, 265, b'0', ADDDATE(ADDDATE(CURDATE(), -10), INTERVAL 27390 MINUTE)),
  (914, 364, b'0', ADDDATE(ADDDATE(CURDATE(), -10), INTERVAL 27420 MINUTE)),
  (915, 4, b'0', ADDDATE(ADDDATE(CURDATE(), -10), INTERVAL 27450 MINUTE)),
  (916, 362, b'0', ADDDATE(ADDDATE(CURDATE(), -10), INTERVAL 27480 MINUTE)),
  (917, 4, b'1', ADDDATE(ADDDATE(CURDATE(), -10), INTERVAL 27510 MINUTE)),
  (918, 238, b'1', ADDDATE(ADDDATE(CURDATE(), -10), INTERVAL 27540 MINUTE)),
  (919, 36, b'0', ADDDATE(ADDDATE(CURDATE(), -10), INTERVAL 27570 MINUTE)),
  (920, 430, b'1', ADDDATE(ADDDATE(CURDATE(), -10), INTERVAL 27600 MINUTE)),
  (921, 313, b'0', ADDDATE(ADDDATE(CURDATE(), -10), INTERVAL 27630 MINUTE)),
  (922, 369, b'0', ADDDATE(ADDDATE(CURDATE(), -10), INTERVAL 27660 MINUTE)),
  (923, 102, b'1', ADDDATE(ADDDATE(CURDATE(), -10), INTERVAL 27690 MINUTE)),
  (924, 256, b'0', ADDDATE(ADDDATE(CURDATE(), -10), INTERVAL 27720 MINUTE)),
  (925, 84, b'1', ADDDATE(ADDDATE(CURDATE(), -10), INTERVAL 27750 MINUTE)),
  (926, 63, b'0', ADDDATE(ADDDATE(CURDATE(), -10), INTERVAL 27780 MINUTE)),
  (927, 84, b'0', ADDDATE(ADDDATE(CURDATE(), -10), INTERVAL 27810 MINUTE)),
  (928, 90, b'0', ADDDATE(ADDDATE(CURDATE(), -10), INTERVAL 27840 MINUTE)),
  (929, 313, b'1', ADDDATE(ADDDATE(CURDATE(), -10), INTERVAL 27870 MINUTE)),
  (930, 157, b'0', ADDDATE(ADDDATE(CURDATE(), -10), INTERVAL 27900 MINUTE)),
  (931, 104, b'1', ADDDATE(ADDDATE(CURDATE(), -10), INTERVAL 27930 MINUTE)),
  (932, 464, b'1', ADDDATE(ADDDATE(CURDATE(), -10), INTERVAL 27960 MINUTE)),
  (933, 482, b'0', ADDDATE(ADDDATE(CURDATE(), -10), INTERVAL 27990 MINUTE)),
  (934, 384, b'1', ADDDATE(ADDDATE(CURDATE(), -10), INTERVAL 28020 MINUTE)),
  (935, 425, b'1', ADDDATE(ADDDATE(CURDATE(), -10), INTERVAL 28050 MINUTE)),
  (936, 264, b'1', ADDDATE(ADDDATE(CURDATE(), -10), INTERVAL 28080 MINUTE)),
  (937, 388, b'1', ADDDATE(ADDDATE(CURDATE(), -10), INTERVAL 28110 MINUTE)),
  (938, 241, b'0', ADDDATE(ADDDATE(CURDATE(), -10), INTERVAL 28140 MINUTE)),
  (939, 64, b'1', ADDDATE(ADDDATE(CURDATE(), -10), INTERVAL 28170 MINUTE)),
  (940, 451, b'0', ADDDATE(ADDDATE(CURDATE(), -10), INTERVAL 28200 MINUTE)),
  (941, 150, b'1', ADDDATE(ADDDATE(CURDATE(), -10), INTERVAL 28230 MINUTE)),
  (942, 409, b'0', ADDDATE(ADDDATE(CURDATE(), -10), INTERVAL 28260 MINUTE)),
  (943, 15, b'1', ADDDATE(ADDDATE(CURDATE(), -10), INTERVAL 28290 MINUTE)),
  (944, 223, b'0', ADDDATE(ADDDATE(CURDATE(), -10), INTERVAL 28320 MINUTE)),
  (945, 294, b'1', ADDDATE(ADDDATE(CURDATE(), -10), INTERVAL 28350 MINUTE)),
  (946, 483, b'0', ADDDATE(ADDDATE(CURDATE(), -10), INTERVAL 28380 MINUTE)),
  (947, 280, b'1', ADDDATE(ADDDATE(CURDATE(), -10), INTERVAL 28410 MINUTE)),
  (948, 242, b'0', ADDDATE(ADDDATE(CURDATE(), -10), INTERVAL 28440 MINUTE)),
  (949, 145, b'1', ADDDATE(ADDDATE(CURDATE(), -10), INTERVAL 28470 MINUTE)),
  (950, 295, b'0', ADDDATE(ADDDATE(CURDATE(), -10), INTERVAL 28500 MINUTE)),
  (951, 247, b'1', ADDDATE(ADDDATE(CURDATE(), -10), INTERVAL 28530 MINUTE)),
  (952, 77, b'1', ADDDATE(ADDDATE(CURDATE(), -10), INTERVAL 28560 MINUTE)),
  (953, 234, b'1', ADDDATE(ADDDATE(CURDATE(), -10), INTERVAL 28590 MINUTE)),
  (954, 69, b'1', ADDDATE(ADDDATE(CURDATE(), -10), INTERVAL 28620 MINUTE)),
  (955, 326, b'1', ADDDATE(ADDDATE(CURDATE(), -10), INTERVAL 28650 MINUTE)),
  (956, 426, b'1', ADDDATE(ADDDATE(CURDATE(), -10), INTERVAL 28680 MINUTE)),
  (957, 225, b'1', ADDDATE(ADDDATE(CURDATE(), -10), INTERVAL 28710 MINUTE)),
  (958, 131, b'1', ADDDATE(ADDDATE(CURDATE(), -10), INTERVAL 28740 MINUTE)),
  (959, 345, b'1', ADDDATE(ADDDATE(CURDATE(), -10), INTERVAL 28770 MINUTE)),
  (960, 8, b'1', ADDDATE(ADDDATE(CURDATE(), -10), INTERVAL 28800 MINUTE)),
  (961, 6, b'1', ADDDATE(ADDDATE(CURDATE(), -10), INTERVAL 28830 MINUTE)),
  (962, 498, b'1', ADDDATE(ADDDATE(CURDATE(), -10), INTERVAL 28860 MINUTE)),
  (963, 478, b'1', ADDDATE(ADDDATE(CURDATE(), -10), INTERVAL 28890 MINUTE)),
  (964, 205, b'1', ADDDATE(ADDDATE(CURDATE(), -10), INTERVAL 28920 MINUTE)),
  (965, 118, b'0', ADDDATE(ADDDATE(CURDATE(), -10), INTERVAL 28950 MINUTE)),
  (966, 496, b'1', ADDDATE(ADDDATE(CURDATE(), -10), INTERVAL 28980 MINUTE)),
  (967, 331, b'0', ADDDATE(ADDDATE(CURDATE(), -10), INTERVAL 29010 MINUTE)),
  (968, 476, b'0', ADDDATE(ADDDATE(CURDATE(), -10), INTERVAL 29040 MINUTE)),
  (969, 493, b'1', ADDDATE(ADDDATE(CURDATE(), -10), INTERVAL 29070 MINUTE)),
  (970, 221, b'1', ADDDATE(ADDDATE(CURDATE(), -10), INTERVAL 29100 MINUTE)),
  (971, 203, b'0', ADDDATE(ADDDATE(CURDATE(), -10), INTERVAL 29130 MINUTE)),
  (972, 248, b'0', ADDDATE(ADDDATE(CURDATE(), -10), INTERVAL 29160 MINUTE)),
  (973, 436, b'0', ADDDATE(ADDDATE(CURDATE(), -10), INTERVAL 29190 MINUTE)),
  (974, 277, b'1', ADDDATE(ADDDATE(CURDATE(), -10), INTERVAL 29220 MINUTE)),
  (975, 444, b'1', ADDDATE(ADDDATE(CURDATE(), -10), INTERVAL 29250 MINUTE)),
  (976, 462, b'0', ADDDATE(ADDDATE(CURDATE(), -10), INTERVAL 29280 MINUTE)),
  (977, 215, b'1', ADDDATE(ADDDATE(CURDATE(), -10), INTERVAL 29310 MINUTE)),
  (978, 412, b'0', ADDDATE(ADDDATE(CURDATE(), -10), INTERVAL 29340 MINUTE)),
  (979, 102, b'0', ADDDATE(ADDDATE(CURDATE(), -10), INTERVAL 29370 MINUTE)),
  (980, 262, b'1', ADDDATE(ADDDATE(CURDATE(), -10), INTERVAL 29400 MINUTE)),
  (981, 227, b'1', ADDDATE(ADDDATE(CURDATE(), -10), INTERVAL 29430 MINUTE)),
  (982, 9, b'1', ADDDATE(ADDDATE(CURDATE(), -10), INTERVAL 29460 MINUTE)),
  (983, 182, b'1', ADDDATE(ADDDATE(CURDATE(), -10), INTERVAL 29490 MINUTE)),
  (984, 49, b'0', ADDDATE(ADDDATE(CURDATE(), -10), INTERVAL 29520 MINUTE)),
  (985, 60, b'0', ADDDATE(ADDDATE(CURDATE(), -10), INTERVAL 29550 MINUTE)),
  (986, 428, b'1', ADDDATE(ADDDATE(CURDATE(), -10), INTERVAL 29580 MINUTE)),
  (987, 430, b'0', ADDDATE(ADDDATE(CURDATE(), -10), INTERVAL 29610 MINUTE)),
  (988, 286, b'1', ADDDATE(ADDDATE(CURDATE(), -10), INTERVAL 29640 MINUTE)),
  (989, 399, b'0', ADDDATE(ADDDATE(CURDATE(), -10), INTERVAL 29670 MINUTE)),
  (990, 44, b'0', ADDDATE(ADDDATE(CURDATE(), -10), INTERVAL 29700 MINUTE)),
  (991, 438, b'0', ADDDATE(ADDDATE(CURDATE(), -10), INTERVAL 29730 MINUTE)),
  (992, 67, b'0', ADDDATE(ADDDATE(CURDATE(), -10), INTERVAL 29760 MINUTE)),
  (993, 472, b'1', ADDDATE(ADDDATE(CURDATE(), -10), INTERVAL 29790 MINUTE)),
  (994, 102, b'1', ADDDATE(ADDDATE(CURDATE(), -10), INTERVAL 29820 MINUTE)),
  (995, 7, b'0', ADDDATE(ADDDATE(CURDATE(), -10), INTERVAL 29850 MINUTE)),
  (996, 495, b'1', ADDDATE(ADDDATE(CURDATE(), -10), INTERVAL 29880 MINUTE)),
  (997, 292, b'0', ADDDATE(ADDDATE(CURDATE(), -10), INTERVAL 29910 MINUTE)),
  (998, 319, b'1', ADDDATE(ADDDATE(CURDATE(), -10), INTERVAL 29940 MINUTE)),
  (999, 484, b'1', ADDDATE(ADDDATE(CURDATE(), -10), INTERVAL 29970 MINUTE)),
  (1000, 3, b'1', ADDDATE(ADDDATE(CURDATE(), -10), INTERVAL 30000 MINUTE));
